map_place_id,user_name,updated_timestamp,place_name,place_address,city,country,tags,geolocation_latitude,geolocation_longitude,geolocation_altitude,geolocation_radius,number_of_recommendation_total,url_google_maps,id,owner_user_id,opening_periods.monday,opening_periods.tuesday,opening_periods.wednesday,opening_periods.thursday,opening_periods.friday,opening_periods.saturday,opening_periods.sunday,recommendations_category.PENDING,recommendations_category.SKIPPED,recommendations_category.NOT_RECOMMENDED,recommendations_category.RECOMMENDED_UNCATEGORIZED,recommendations_category.RECOMMENDED_FOR_BUSINESS,recommendations_category.RECOMMENDED_FOR_FAMILY,recommendations_category.RECOMMENDED_FOR_DATE,recommendations_category.RECOMMENDED_FOR_MYSELF,recommendations_category.RECOMMENDED_FOR_FRIENDS,categories_friends.PENDING,categories_friends.SKIPPED,categories_friends.NOT_RECOMMENDED,categories_friends.RECOMMENDED_UNCATEGORIZED,categories_friends.RECOMMENDED_FOR_BUSINESS,categories_friends.RECOMMENDED_FOR_FAMILY,categories_friends.RECOMMENDED_FOR_DATE,categories_friends.RECOMMENDED_FOR_MYSELF,categories_friends.RECOMMENDED_FOR_FRIENDS
431245,J. Pereira,2024-08-17T15:35:30.697120,Doughnuts & Drip,"Harbor drive, 22, Los Angeles, US, 90017.",Los Angeles,US,"donut shop, coffee shop, dine in, take away",34.052235,-118.243683,0,0,50,https://maps.google.com/?cid=6857076722360098588,55677155,388,"[{'open': 900, 'close': 1800}]","[{'open': 900, 'close': 1800}]","[{'open': 900, 'close': 1800}]","[{'open': 900, 'close': 1800}]","[{'open': 900, 'close': 1800}]","[{'open': 900, 'close': 1800}]","[{'open': 1000, 'close': 1500}]",1,2,3,35,2,1,2,1,1,[],[],[],"[{'uuid': '65a83b76-bdfc-4dae-a457-2b279e431fde', 'display_name': 'Kai', 'type': 'PERSON', 'number_of_recommendations': 2}]","[{'uuid': '595ke3jf-9589-3057-8era-4e5b70bf1d30', 'display_name': 'Lin', 'type': 'PERSON', 'number_of_recommendations': 2}]",[],[],[],[]
787091,J. Chen,2024-01-15T22:45:48.825263,La Esmeralda,"Calle Artículo 123, 456ls, Mexico City, MX, 06050.",Mexico City,MX,restaurant,19.4326009,-99.1333416,0,0,120,https://maps.google.com/?cid=4958006815745725947,19285723,207,"[{'open': 700, 'close': 2300}]","[{'open': 700, 'close': 2300}]","[{'open': 700, 'close': 2300}]","[{'open': 700, 'close': 2300}]","[{'open': 700, 'close': 2359}]","[{'open': 700, 'close': 2359}]","[{'open': 900, 'close': 2100}]",0,0,0,85,10,15,3,0,7,[],[],[],"[{'uuid': '587fe2dh-8395-3058-8fgh-5r2k80ce5e50', 'display_name': 'Maria', 'type': 'PERSON', 'number_of_recommendations': 12}]",[],[],"[{'uuid': '587fe2dh-8395-3058-8fgh-5r2k80ce5e50', 'display_name': 'Maria', 'type': 'PERSON', 'number_of_recommendations': 3}]",[],"[{'uuid': '587fe2dh-8395-3058-8fgh-5r2k80ce5e50', 'display_name': 'Maria', 'type': 'PERSON', 'number_of_recommendations': 2}]"
3895062,B. Demerji,2024-08-17T20:13:53.368399,Bistro La Rue,"Oostelijke Handelskade, 229, Rotterdam, NL, 2014 GS",Rotterdam,NL,bistro,51.921207,4.4819025,0,0,35,https://maps.google.com/?cid=11253620928489078221,23099904,558,"[{'open': 1500, 'close': 2300}]","[{'open': 0, 'close': 80}]","[{'open': 1500, 'close': 2300}]","[{'open': 0, 'close': 80}, {'open': 1500, 'close': 2300}]","[{'open': 0, 'close': 80}, {'open': 1500, 'close': 2300}]","[{'open': 0, 'close': 190}, {'open': 1400, 'close': 2300}]","[{'open': 1400, 'close': 2000}, {'open': 0, 'close': 190}]",0,0,0,25,0,0,0,0,6,[],[],[],"[{'uuid': '9386e1cf-1479-2047-8gfa-5d2b70bf0b30', 'display_name': 'Bruno', 'type': 'PERSON', 'number_of_recommendations': 2}, {'uuid': '349d392d-2d17-4g0d-cf81-244bc2518fg3', 'display_name': 'Mila', 'type': 'PERSON', 'number_of_recommendations': 2}, {'uuid': '449e7022-2dbd-3gc3-d246-84bc57f68dc8', 'display_name': 'Casper', 'type': 'PERSON', 'number_of_recommendations': 2}]",[],[],[],[],"[{'uuid': '9386e1cf-1479-2047-8gfa-5d2b70bf0b30', 'display_name': 'Bruno', 'type': 'PERSON', 'number_of_recommendations': 2}]"
7395410,B. Jones,2024-09-12T20:27:18.532986,Sea Bistro & Grill,"Cooper Way, Greenwood, US, C40 5JR.",Greenwood,US,"restaurant, grill",51.389561,-0.573872,0,0,4,https://maps.google.com/?cid=8764532013758544320,25790113,558,"[{'open': 730, 'close': 2300}]","[{'open': 0, 'close': 130}, {'open': 730, 'close': 2300}]","[{'open': 0, 'close': 130}, {'open': 730, 'close': 2300}]","[{'open': 0, 'close': 130}, {'open': 730, 'close': 2300}]","[{'open': 0, 'close': 130}, {'open': 730, 'close': 2300}]","[{'open': 0, 'close': 300}, {'open': 800, 'close': 2300}]","[{'open': 800, 'close': 2300}, {'open': 0, 'close': 300}]",0,0,0,0,0,0,0,0,4,[],[],[],[],[],[],[],[],"[{'uuid': '365ba1ea-9927-4352-9eda-3b2c01bd0a70', 'display_name': 'Ben', 'type': 'PERSON', 'number_of_recommendations': 3}]"
3927203,B. Cheema,2022-11-14T11:55:31.340034,Trattoria Alla Rosa,"Via Claudia, 6 A, Rome, IT, 00185.",Rome,IT,pizzeria,41.90278,12.49637,0,0,98,https://maps.google.com/?cid=17589205039065620978,53562874,569,"[{'open': 0, 'close': 200}, {'open': 1200, 'close': 2400}]","[{'open': 0, 'close': 200}, {'open': 1200, 'close': 2400}]","[{'open': 0, 'close': 200}, {'open': 1200, 'close': 2400}]","[{'open': 0, 'close': 200}, {'open': 1200, 'close': 2400}]","[{'open': 0, 'close': 200}, {'open': 1200, 'close': 2400}]","[{'open': 0, 'close': 500}, {'open': 1200, 'close': 2400}]","[{'open': 1100, 'close': 2400}, {'open': 0, 'close': 400}]",0,0,0,65,2,4,8,2,2,[],[],[],"[{'uuid': '3a2b4c6d-1df7-4bf2-8438-361a352eb9c7', 'display_name': 'Marco', 'type': 'PERSON', 'number_of_recommendations': 2}]",[],[],"[{'uuid': '789de0ba-6112-4039-8aba-5d4b91bf0f21', 'display_name': 'Valentina', 'type': 'PERSON', 'number_of_recommendations': 5}]",[],[]
6821349,Sara,2023-09-05T19:45:27.545410,El Farolito,"Mission Street, 2779, San Francisco, US, 94110.",San Francisco,US,Mexican Restaurant,37.752506,-122.418223,0,0,2,https://maps.google.com/?cid=2157654132145859321,13987645,207,"[{'open': 500, 'close': 1100}, {'open': 1200, 'close': 2400}]","[{'open': 500, 'close': 1100}, {'open': 1200, 'close': 2400}]","[{'open': 500, 'close': 1100}, {'open': 1200, 'close': 2400}]","[{'open': 500, 'close': 1100}, {'open': 1200, 'close': 2500}]","[{'open': 500, 'close': 1230}, {'open': 1300, 'close': 2500}]","[{'open': 600, 'close': 1230}]","[{'open': 600, 'close': 2230}]",0,0,0,0,0,1,0,0,1,[],[],[],[],[],['family'],[],[],"['friend1', 'friend2']"
3928647,Jack,2024-05-10T15:15:05.789010,Hideaway,"Baker Street, 221, London, UK, NW16XE.",London,UK,cafe,51.523766,-0.1585557,0,0,28,https://maps.google.com/?cid=193847247657527826,98987182,137,"[{'open': 830, 'close': 200}, {'open': 830, 'close': 2100}]","[{'open': 830, 'close': 2100}]","[{'open': 830, 'close': 2100}]","[{'open': 830, 'close': 2100}]","[{'open': 830, 'close': 2100}]","[{'open': 830, 'close': 200}, {'open': 830, 'close': 2100}]","[{'open': 830, 'close': 2100}, {'open': 830, 'close': 200}]",0,0,0,0,0,0,0,0,0,[],[],[],[],[],[],[],[],[]
3985732,J. Perkins,2022-04-20T06:47:30.956432,NeverForget,"Baker Street, 221, London, UK, W1U 6XE.",London,UK,cafe,51.517236,-0.176369,0,0,20,https://maps.google.com/?cid=398792758367758234,19569952,282,"[{'open': 200, 'close': 1000}, {'open': 1300, 'close': 2000}]","[{'open': 2100, 'close': 2300}]","[{'open': 2000, 'close': 2400}]","[{'open': 1800, 'close': 2400}]","[{'open': 1700, 'close': 2400}]","[{'open': 1600, 'close': 115}, {'open': 1000, 'close': 2500}]","[{'open': 1100, 'close': 2400}, {'open': 100, 'close': 120}]",0,0,0,9,0,0,2,0,9,[],[],[],"[{'uuid': '575db3ab-5462-4018-b0a2-4a9f932f2f44', 'display_name': 'Liam', 'type': 'PERSON', 'number_of_recommendations': 4}, {'uuid': 'd18c5d74-6a89-4b0e-a1d3-92ee332ebc86', 'display_name': 'Phil', 'type': 'PERSON', 'number_of_recommendations': 1}, {'uuid': '8d8f436a-6edc-4e3f-a851-29c6d840d887', 'display_name': 'Owen', 'type': 'PERSON', 'number_of_recommendations': 1}, {'uuid': '9d4c63ab-2ccf-4e2b-aa2e-cf21fb3c76b4', 'display_name': 'Mark Peter', 'type': 'PERSON', 'number_of_recommendations': 2}, {'uuid': 'de6d9ef1-4id6-4fd2-9d7c-0bfedab1ec40', 'display_name': 'Luca', 'type': 'PERSON', 'number_of_recommendations': 1}]",[],[],"[{'uuid': '6b4ce2db-2569-4030-9ada-3d3a90ef1a21', 'display_name': 'George', 'type': 'PERSON', 'number_of_recommendations': 2}]",[],"[{'uuid': 'c94de3ad-2599-4077-9hda-2d3a90cd9a22', 'display_name': 'Chris', 'type': 'PERSON', 'number_of_recommendations': 5}, {'uuid': 'b6834e57-h3c2-498c-6080-570d64ddj442', 'display_name': 'Tony', 'type': 'PERSON', 'number_of_recommendations': 1}, {'uuid': '25jc5cac-9h20-4344-i63a-4d5fc6j62d59', 'display_name': 'Simon', 'type': 'PERSON', 'number_of_recommendations': 1}, {'uuid': '3c998c36-5h6b-4a18-56j5-b8230c14k6h7', 'display_name': 'Seb', 'type': 'PERSON', 'number_of_recommendations': 1}, {'uuid': '5c8he562-k56c-4c7b-jb15-97105h18d2f7', 'display_name': 'Sam', 'type': 'PERSON', 'number_of_recommendations': 1}]"
64809,M.Svensson,2024-06-25T20:28:37.275894,IL Patio,"Piazza di Spagna, 65, Rome, IT, 00187",Rome,IT,pizzeria,41.9059894,12.4829321,0,0,5606,https://maps.google.com/?cid=6450378164540298822,90854632,137,"[{'open': 1200, 'close': 2400}]","[{'open': 1200, 'close': 2400}]","[{'open': 1200, 'close': 2400}]","[{'open': 1200, 'close': 2400}]","[{'open': 1200, 'close': 2400}]","[{'open': 1200, 'close': 2400}]","[{'open': 1200, 'close': 2400}]",0,0,0,2318,258,560,214,987,0,[],[],[],"[{'uuid': '783465bf-cb2e-4958-ab8d-dc576473f3e9', 'display_name': 'Fabio', 'type': 'PERSON', 'number_of_recommendations': 3}, {'uuid': 'cf8461e6-a9c6-4fbe-9dab-d52747a5de72', 'display_name': 'Anna', 'type': 'PERSON', 'number_of_recommendations': 5}, {'uuid': '6a9fd620-36a5-41fd-aea9-54348f44df61', 'display_name': 'Stefano', 'type': 'PERSON', 'number_of_recommendations': 1}, {'uuid': '8f75628d-3a94-4001-8895-346cc0501ca3', 'display_name': 'Luca', 'type': 'PERSON', 'number_of_recommendations': 2}]","[{'uuid': '68f6e081-50dc-4a30-bf5f-50214fa3262f', 'display_name': 'Andrea', 'type': 'PERSON', 'number_of_recommendations': 2}, {'uuid': 'e4d5d94a-2731-4af8-8465-dc681cae4142', 'display_name': 'Roberto', 'type': 'PERSON', 'number_of_recommendations': 5}]","[{'uuid': '8423c769-a8ce-480e-9c96-3bf64d613a3f', 'display_name': 'Nicola', 'type': 'PERSON', 'number_of_recommendations': 8}]","[{'uuid': '71c1349d-16e3-405f-b5cc-c83f1e8ad873', 'display_name': 'Elena', 'type': 'PERSON', 'number_of_recommendations': 7}, {'uuid': 'ff1e77a2-2516-4fdb-941d-2a0c8c87726d', 'display_name': 'Marco', 'type': 'PERSON', 'number_of_recommendations': 4}]","[{'uuid': '4ad7a1ef-63b9-40c6-8b0d-0a36b5a2ca2b', 'display_name': 'Lorenzo', 'type': 'PERSON', 'number_of_recommendations': 9}, {'uuid': 'ef97c6ef-142a-47fb-b766-0abea328295f', 'display_name': 'Gioia', 'type': 'PERSON', 'number_of_recommendations': 3}]",[]
4739210,Emma,2023-12-30T14:28:20.216730,Margo's,"Hauptstraße, 40, Berlin, DE, 10178.",Berlin,DE,"cafe, bistro",52.5200066,13.404954,0,0,35,https://maps.google.com/?cid=11035852738293392140,21575732,558,"[{'open': 800, 'close': 2000}]","[{'open': 800, 'close': 2000}]","[{'open': 800, 'close': 2000}]","[{'open': 800, 'close': 2200}]","[{'open': 800, 'close': 2200}]","[{'open': 0, 'close': 200}, {'open': 1000, 'close': 2200}]","[{'open': 1000, 'close': 2000}, {'open': 0, 'close': 200}]",0,0,0,0,0,0,0,0,0,[],[],[],[],[],[],[],[],[]
5800629,B. Smith,2025-11-22T04:25:17.634509,Calm Cove,"Jane Street, 287, Los Angeles, US, 90291.",Los Angeles,US,"cafe, bakery",34.0259216,-118.7797571,0,0,2,https://maps.google.com/?cid=17418711729405617784,25033489,102,"[{'open': 900, 'close': 2000}]","[{'open': 900, 'close': 2000}]","[{'open': 900, 'close': 2000}]","[{'open': 900, 'close': 2000}]","[{'open': 900, 'close': 2000}]","[{'open': 1100, 'close': 2100}]","[{'open': 1100, 'close': 2100}]",0,0,0,0,0,0,1,0,1,[],[],[],[],[],[],"[{'uuid': '339ec6af-8332-4b77-b78f-4b6237eb4d90', 'display_name': 'John', 'type': 'PERSON', 'number_of_recommendations': 1}]",[],"[{'uuid': 'd75383cd-1619-460d-ac75-371d6baff9db', 'display_name': 'Samantha', 'type': 'PERSON', 'number_of_recommendations': 1}]"
6254203,Sam,2022-08-25T13:42:10.732584,Eternal Sunshine Cafe & Bar,"East 15th Street, 257, Boston, US, 02118.",Boston,US,"cafe, bar",42.351835,-71.055015,0,0,2,https://maps.google.com/?cid=145429995238725959219,15604026,102,[],"[{'open': 1600, 'close': 2300}]","[{'open': 1600, 'close': 2300}]","[{'open': 1600, 'close': 2300}]","[{'open': 1000, 'close': 2400}]","[{'open': 0, 'close': 200}, {'open': 1000, 'close': 2400}]","[{'open': 1000, 'close': 2300}, {'open': 0, 'close': 100}]",0,0,0,0,0,0,0,0,0,[],[],[],[],[],[],[],[],[]
4456931,B. Johnson,2024-05-06T07:21:19.752400,Rosebud Dinner,"Rosebud Avenue, 229, Los Angeles, US, 90028.",Los Angeles,US,cafe,34.102567,-118.3272616,0,0,26,https://maps.google.com/?cid=3189617837574263816,26381763,102,"[{'open': 600, 'close': 160}, {'open': 1100, 'close': 2300}]","[{'open': 1100, 'close': 2300}]","[{'open': 1100, 'close': 2300}]","[{'open': 1100, 'close': 2300}]","[{'open': 1100, 'close': 2300}]","[{'open': 600, 'close': 160}, {'open': 1000, 'close': 2300}]","[{'open': 1000, 'close': 2300}, {'open': 600, 'close': 160}]",0,0,0,13,0,0,2,0,11,[],[],[],"[{'uuid': 'e6396057-19b9-43ed-935c-1e6b6f21ac78', 'display_name': 'Max', 'type': 'PERSON', 'number_of_recommendations': 5}, {'uuid': 'e45d2607-910a-4df8-b6b8-d80cf16c8e1b', 'display_name': 'Diana', 'type': 'PERSON', 'number_of_recommendations': 2}, {'uuid': 'd580ac95-afc4-49ad-8c78-3e936d2b4c38', 'display_name': 'David', 'type': 'PERSON', 'number_of_recommendations': 3}, {'uuid': 'e72186e3-8d17-4666-9b8a-f76fb33076ba', 'display_name': 'Hannah', 'type': 'PERSON', 'number_of_recommendations': 3}]",[],[],"[{'uuid': 'e6396057-19b9-43ed-935c-1e6b6f21ac78', 'display_name': 'Max', 'type': 'PERSON', 'number_of_recommendations': 2}]",[],"[{'uuid': 'd580ac95-afc4-49ad-8c78-3e936d2b4c38', 'display_name': 'David', 'type': 'PERSON', 'number_of_recommendations': 6}, {'uuid': 'e72186e3-8d17-4666-9b8a-f76fb33076ba', 'display_name': 'Hannah', 'type': 'PERSON', 'number_of_recommendations': 2}, {'uuid': 'e45d2607-910a-4df8-b6b8-d80cf16c8e1b', 'display_name': 'Diana', 'type': 'PERSON', 'number_of_recommendations': 3}]"
6762801,Liam,2024-06-17T14:23:33.019812,Marceline,"Broadway Street, 42, Los Angeles, US, 90037.",Los Angeles,US,cafe,34.0050582,-118.2871726,0,0,2,https://maps.google.com/?cid=7894622558900723452,35600132,207,"[{'open': 1030, 'close': 1400}, {'open': 1500, 'close': 2100}]","[{'open': 1030, 'close': 1400}, {'open': 1500, 'close': 2100}]","[{'open': 1030, 'close': 1400}, {'open': 1500, 'close': 2100}]","[{'open': 1030, 'close': 1400}, {'open': 1500, 'close': 2100}]","[{'open': 1030, 'close': 1400}, {'open': 1500, 'close': 2200}]","[{'open': 900, 'close': 2100}]","[{'open': 900, 'close': 2100}]",0,0,0,0,0,0,0,0,0,[],[],[],[],[],[],[],[],[]
483740,B. Marconi,2022-08-15T09:15:17.318480,Turranza Exotic Food Mexican & Cuban Delights,"Jubilee Street, 36Z, London, UK, E1 3BG.",London,UK,restaurant,51.5145271,-0.0732792,0,0,42,https://maps.google.com/?cid=11415142876068277524,23948568,336,"[{'open': 1300, 'close': 2300}]","[{'open': 1300, 'close': 2300}]","[{'open': 1300, 'close': 2300}]","[{'open': 1300, 'close': 2300}]","[{'open': 1300, 'close': 2300}]","[{'open': 1300, 'close': 2300}]","[{'open': 1300, 'close': 2300}]",0,0,0,0,1,1,0,3,0,[],[],[],[],[],"[{'uuid': '8673ef76-4560-442c-9cfe-5f3a16e04db6', 'display_name': 'Ben', 'type': 'PERSON', 'number_of_recommendations': 1}]",[],[],[]
6954123,B. Johnson,2025-07-14T21:26:45.786280,Bakery Café Le Grand,"Place Sainte-Catherine, 15, Brussels, BE, 1000",Brussels,BE,"bakery, cafe",50.851594,4.348549,0,0,25,https://maps.google.com/?cid=29785985098496962131,98627542,771,"[{'open': 700, 'close': 2000}]","[{'open': 700, 'close': 2000}]","[{'open': 700, 'close': 2000}]","[{'open': 700, 'close': 2200}]","[{'open': 700, 'close': 2200}]","[{'open': 700, 'close': 2200}]","[{'open': 700, 'close': 1900}]",0,0,0,12,0,0,6,0,4,[],[],[],"[{'uuid': '385de3fd-9869-4037-8eda-5b4d80bc9d24', 'display_name': 'John', 'type': 'PERSON', 'number_of_recommendations': 2}, {'uuid': '619317a4-4584-4641-a594-151eca92b20a', 'display_name': 'Sarah', 'type': 'PERSON', 'number_of_recommendations': 1}]",[],[],"[{'uuid': '385de3fd-9869-4037-8eda-5b4d80bc9d24', 'display_name': 'John', 'type': 'PERSON', 'number_of_recommendations': 4}, {'uuid': 'd12f5277-8950-4477-bsb3-84cee331bc1e', 'display_name': 'Jane', 'type': 'PERSON', 'number_of_recommendations': 1}]",[],"[{'uuid': '385de3fd-9869-4037-8eda-5b4d80bc9d24', 'display_name': 'John', 'type': 'PERSON', 'number_of_recommendations': 1}]"
678925,Bella,2024-11-14T14:30:23.078392,Ella's Eatery,"Oxford Street, 25B, London, UK, NW1 2DB.",London,UK,"pastry, coffee shop, diner",51.515419,-0.141099,0,0,215,https://maps.google.com/?cid=7127382925710028644,25698214,207,"[{'open': 800, 'close': 2200}]","[{'open': 800, 'close': 2200}]","[{'open': 800, 'close': 2200}]","[{'open': 800, 'close': 2200}]","[{'open': 0, 'close': 200}, {'open': 800, 'close': 2200}]","[{'open': 0, 'close': 200}, {'open': 800, 'close': 2200}]","[{'open': 800, 'close': 2200}, {'open': 0, 'close': 200}]",0,0,0,0,0,0,0,0,0,[],[],[],[],[],[],[],[],[]
5372149,John,2022-05-15T12:14:28.395126,Marina's,"Main Street, 45, Manchester, GB, M2 1AB.",Manchester,GB,"cafe, music",53.4808,2.2426,0,0,35,https://maps.google.com/?cid=21575926372853394241,19872656,282,"[{'open': 800, 'close': 2200}]","[{'open': 800, 'close': 2200}]","[{'open': 800, 'close': 2200}]","[{'open': 800, 'close': 2300}]","[{'open': 800, 'close': 2300}]","[{'open': 0, 'close': 900}, {'open': 800, 'close': 2300}]","[{'open': 800, 'close': 2200}, {'open': 0, 'close': 900}]",0,0,0,0,0,0,0,0,0,[],[],[],[],[],[],[],[],[]
2930567,Max,2025-06-21T15:15:23.238841,Bella Italia Ristorante,"Via Porta Marina, 20, Rome, IT, 00192.",Rome,IT,"restaurant, Italian",41.9027835,12.4963655,0,0,52,https://maps.google.com/?cid=12920586290195657721,16271621,771,"[{'open': 1100, 'close': 2400}]","[{'open': 1100, 'close': 2400}]","[{'open': 1100, 'close': 2400}]","[{'open': 1100, 'close': 2400}]","[{'open': 1100, 'close': 2400}]","[{'open': 900, 'close': 2400}]","[{'open': 900, 'close': 2300}]",0,0,0,0,0,0,0,0,0,[],[],[],[],[],[],[],[],[]
2547921,B. Thompson,2025-07-11T16:50:45.829841,Moonbeam Cafe,"27 Main St, Manchester, UK, M1 1QW.",Manchester,UK,"restaurant, bar, shop",53.5019035,-2.2731043,0,0,7,https://maps.google.com/?cid=50285974353420342319,16528960,282,"[{'open': 800, 'close': 1700}]","[{'open': 800, 'close': 1700}]","[{'open': 800, 'close': 1700}]","[{'open': 800, 'close': 1700}]","[{'open': 800, 'close': 1700}]","[{'open': 900, 'close': 1700}]","[{'open': 900, 'close': 1700}]",0,0,0,0,1,0,0,0,2,[],[],[],[],[],[],[],[],"[{'uuid': '912ee9f5-b6c6-4815-9f96-7c013b9d7c52', 'display_name': 'Jack', 'type': 'PERSON', 'number_of_recommendations': 1}]"
3775244,B. Smith,2024-05-30T15:18:21.654987,Daluma,"Weinbergsweg 3, Berlin, DE, 10119.",Berlin,DE,cafe,52.5245064,13.4096964,0,0,25,https://maps.google.com/?cid=378649673899819153,672863711,336,"[{'open': 900, 'close': 2000}]","[{'open': 900, 'close': 2000}]","[{'open': 900, 'close': 2000}]","[{'open': 900, 'close': 2000}]","[{'open': 900, 'close': 2000}]","[{'open': 900, 'close': 1800}]","[{'open': 900, 'close': 1800}]",0,0,0,12,0,1,2,0,10,[],[],[],"[{'uuid': '395ad3r1-1234-6791-9874-5t3b98ar1a01', 'display_name': 'John', 'type': 'PERSON', 'number_of_recommendations': 4}, {'uuid': 'g78d5856-2321-9877-a5e3-54kue43b25u', 'display_name': 'Emma', 'type': 'PERSON', 'number_of_recommendations': 2}, {'uuid': 'ycd4159b-8k7c-58c2-2213-1465d820u938', 'display_name': 'Oliver', 'type': 'PERSON', 'number_of_recommendations': 3}, {'uuid': 'f34366dc-1h2g-4i8b-ba5e-bd21fll4a23b', 'display_name': 'Lily', 'type': 'PERSON', 'number_of_recommendations': 3}]",[],"[{'uuid': '395ad3r1-1234-6791-9874-5t3b98ar1a01', 'display_name': 'John', 'type': 'PERSON', 'number_of_recommendations': 1}]","[{'uuid': 'g78d5856-2321-9877-a5e3-54kue43b25u', 'display_name': 'Emma', 'type': 'PERSON', 'number_of_recommendations': 2}]",[],"[{'uuid': '395ad3r1-1234-6791-9874-5t3b98ar1a01', 'display_name': 'John', 'type': 'PERSON', 'number_of_recommendations': 4}, {'uuid': '98371eik-ri81-428g-g029-59017keid391', 'display_name': 'James', 'type': 'PERSON', 'number_of_recommendations': 1}, {'uuid': '156dcvk5-b12f-4246-k79a-5k7gh35l3d73', 'display_name': 'Ethan', 'type': 'PERSON', 'number_of_recommendations': 1}, {'uuid': '5e938f36-5f2f-4a48-k68l-t9530g946c31', 'display_name': 'Eva', 'type': 'PERSON', 'number_of_recommendations': 1}, {'uuid': '8b8de582-58lc-4e9g-br81-98202a18q0b7', 'display_name': 'Sofia', 'type': 'PERSON', 'number_of_recommendations': 1}]"
8734521,John,2024-08-17T03:35:51.510332,Cafe Del Sol,"West Pico Boulevard, 342, Los Angeles, US, 90035.",Los Angeles,US,"restaurant, cafe",34.052235,-118.243683,0,0,4,https://maps.google.com/?cid=23587946573247654321,398745621,334,"[{'open': 600, 'close': 2200}]","[{'open': 600, 'close': 2200}]","[{'open': 600, 'close': 2200}]","[{'open': 600, 'close': 2200}]","[{'open': 0, 'close': 100}, {'open': 600, 'close': 2200}]","[{'open': 0, 'close': 200}, {'open': 600, 'close': 2200}]","[{'open': 600, 'close': 2200}, {'open': 0, 'close': 100}]",0,0,0,0,0,0,0,0,0,[],[],[],[],[],[],[],[],[]
6089532,John,2024-05-16T11:25:45.982156,Lavendale,"East 45th Street, 720, Los Angeles, US, 90011.",Los Angeles,US,cafe,34.009036,-118.258749,0,0,7,https://maps.google.com/?cid=19668939217381809463,974577256,336,[],[],[],[],[],[],[],0,0,0,0,0,0,0,0,0,[],[],[],[],[],[],[],[],[]
5791058,B. Johnson,2022-05-17T15:32:33.217385,Luigi's Pizzeria,"Broadway Street, 201, New York, US, 10027",New York,US,"pizza, Italian",40.810565,-73.958524,0,0,85,https://maps.google.com/?cid=58231165408356098764,995230002,771,"[{'open': 1500, 'close': 2200}]","[{'open': 1500, 'close': 2200}]","[{'open': 1500, 'close': 2200}]","[{'open': 1500, 'close': 2200}]","[{'open': 1500, 'close': 2300}]","[{'open': 1500, 'close': 2300}]","[{'open': 1500, 'close': 2200}]",0,0,0,0,0,7,0,0,1,[],[],[],[],[],"[{'uuid': 'fe1db3cb-7b62-420c-a37e-8b7989405da2', 'display_name': 'Samantha', 'type': 'PERSON', 'number_of_recommendations': 5}]",[],[],[]
6495102,Hannah,2021-10-25T18:07:47.982540,MeatLovers,"Norenstraat, 321K, Brussels, BE, 7510 RW.",Brussels,BE,steakhouse,50.8466,4.3517,0,0,32,https://maps.google.com/?cid=8675309416480107590,798199321,771,"[{'open': 900, 'close': 2400}]","[{'open': 900, 'close': 2400}]","[{'open': 900, 'close': 2400}]","[{'open': 900, 'close': 2400}]","[{'open': 900, 'close': 2400}]","[{'open': 900, 'close': 2400}]","[{'open': 900, 'close': 2400}]",0,0,0,0,0,0,0,0,0,[],[],[],[],[],[],[],[],[]
34578698,Bella,2025-10-29T14:23:55.884739,Di 13 Vegan Food Corner,"Avenida da Liberdade, 12, Porto, PT, 4100-299.",Porto,PT,sushi,41.14961,-8.611,0,0,15,https://maps.google.com/?cid=75637261295618457923,975462728,558,"[{'open': 1100, 'close': 1700}, {'open': 1800, 'close': 2300}]","[{'open': 1100, 'close': 1700}, {'open': 1800, 'close': 2300}]","[{'open': 1100, 'close': 1700}, {'open': 1800, 'close': 2300}]","[{'open': 1100, 'close': 1700}, {'open': 1800, 'close': 2300}]","[{'open': 1100, 'close': 1700}, {'open': 1800, 'close': 2300}]","[{'open': 1100, 'close': 1700}, {'open': 1800, 'close': 2300}]","[{'open': 1100, 'close': 1700}, {'open': 1800, 'close': 2300}]",0,0,0,0,0,0,0,0,0,[],[],[],[],[],[],[],[],[]
3928641,B. Morris,2025-07-06T04:35:38.685372,Java Hub,"Baker Street, 112, London, UK, NW1 6XE.",London,UK,"coffee shop, bistro",51.523767,-0.1585557,0,0,5,https://maps.google.com/?cid=3441915827822854927,695462538,334,"[{'open': 800, 'close': 2000}]","[{'open': 800, 'close': 2100}]","[{'open': 800, 'close': 2100}]","[{'open': 800, 'close': 2100}]","[{'open': 800, 'close': 2100}]","[{'open': 900, 'close': 2100}]","[{'open': 900, 'close': 2000}]",0,0,0,0,1,1,1,0,2,[],[],[],[],"[{'uuid': '4a8bbf68-1f3e-48f7-98ae-e35e76e7ec8f', 'display_name': 'Steve', 'type': 'PERSON', 'number_of_recommendations': 1}]","[{'uuid': '658dd3cf-1331-4827-9fd0-842b9cf8df07', 'display_name': 'Julie', 'type': 'PERSON', 'number_of_recommendations': 1}]","[{'uuid': '28ac5dac-1b40-4715-b76b-5d2fb7a8dc58', 'display_name': 'Sophia', 'type': 'PERSON', 'number_of_recommendations': 1}]",[],"[{'uuid': '705de4cf-2852-4319-9ee8-7d1e91af8c30', 'display_name': 'John', 'type': 'PERSON', 'number_of_recommendations': 1}, {'uuid': '26ab8dac-7b60-4348-b75c-6a9fc7a69d67', 'display_name': 'Emma', 'type': 'PERSON', 'number_of_recommendations': 1}]"
5067894,B. Samson,2023-12-10T17:30:00.927534,Sky,"Kaiserdamm, 104,Berlin, DE,14057",Berlin,DE,"book_store, coffee_shop, pharmacy",52.520008,13.404954,0,0,15,https://maps.google.com/?cid=580680970478995642,620487325,207,"[{'open': 1000, 'close': 1800}]","[{'open': 1000, 'close': 1800}]","[{'open': 1000, 'close': 1800}]","[{'open': 1000, 'close': 1800}]","[{'open': 1000, 'close': 1800}]","[{'open': 1100, 'close': 1800}]","[{'open': 1100, 'close': 1800}]",0,0,0,0,0,1,0,0,0,[],[],[],[],[],"[{'uuid': '483df5be-8588-4126-9eca-5d5f99af0e30', 'display_name': 'Brad', 'type': 'PERSON', 'number_of_recommendations': 1}]",[],[],[]
5672934,Omar,2025-02-05T17:34:45.002556,Sky,"Canal Saint-Martin, 123, Paris, FR, 75003.",Paris,FR,"museum, restaurant, retail_shop",48.85361,2.3488,0,0,15,https://maps.google.com/?cid=923763480892566731,821762432,388,"[{'open': 1000, 'close': 1800}]","[{'open': 1000, 'close': 1800}]","[{'open': 1000, 'close': 1800}]","[{'open': 1000, 'close': 1800}]","[{'open': 1000, 'close': 1800}]","[{'open': 1100, 'close': 1800}]","[{'open': 1100, 'close': 1800}]",0,0,0,0,0,0,0,0,0,[],[],[],[],[],[],[],[],[]
3945287,B. Hashemi,2024-03-07T14:15:31.397815,Bistro Bonjour,"Keizersgracht, 32, Rotterdam, NL, 3021 CE.",Rotterdam,NL,"cafe, bistro",51.9123456,4.4717865,0,0,75,https://maps.google.com/?cid=19321271608441958985,728554619,771,"[{'open': 700, 'close': 1300}, {'open': 1400, 'close': 2000}]","[{'open': 700, 'close': 1300}, {'open': 1400, 'close': 2000}]","[{'open': 700, 'close': 1300}, {'open': 1400, 'close': 2000}]","[{'open': 700, 'close': 1300}, {'open': 1400, 'close': 2000}]","[{'open': 700, 'close': 1300}, {'open': 1400, 'close': 2300}]","[{'open': 800, 'close': 1300}, {'open': 1400, 'close': 2300}]","[{'open': 800, 'close': 1300}, {'open': 1400, 'close': 2300}]",0,0,0,0,0,0,7,0,0,[],[],[],[],[],[],"[{'uuid': '585ce6df-4650-2037-9efb-4e4b90bf9d21', 'display_name': 'Behdad', 'type': 'PERSON', 'number_of_recommendations': 6}]",[],[]
6293748,B. Jaman,2024-11-06T18:15:32.239482,Le Zinc d'Erouville (by Lorraine),"Rue Sainte-Louise, 28, Paris, FR, 75007.",Paris,FR,"cafe, pub",48.852936,2.347721,0,0,14,https://maps.google.com/?cid=32347824310963591821,392782162,558,"[{'open': 1600, 'close': 2300}]","[{'open': 1600, 'close': 2300}]","[{'open': 1600, 'close': 2300}]","[{'open': 1600, 'close': 2300}]","[{'open': 1600, 'close': 2300}]","[{'open': 1100, 'close': 200}, {'open': 1600, 'close': 2300}]","[{'open': 1600, 'close': 2300}, {'open': 1100, 'close': 200}]",0,0,0,8,0,2,2,0,2,[],[],[],"[{'uuid': 'b26dc3bf-0983-4699-8e42-fe3b908f0c30', 'display_name': 'Binita', 'type': 'PERSON', 'number_of_recommendations': 3}]",[],"[{'uuid': '227e099e-9632-4bea-8710-b7e0f6b8dba0', 'display_name': 'Anuj', 'type': 'PERSON', 'number_of_recommendations': 1}]","[{'uuid': 'b26dc3bf-0983-4699-8e42-fe3b908f0c30', 'display_name': 'Binita', 'type': 'PERSON', 'number_of_recommendations': 1}]",[],"[{'uuid': 'b26dc3bf-0983-4699-8e42-fe3b908f0c30', 'display_name': 'Binita', 'type': 'PERSON', 'number_of_recommendations': 1}, {'uuid': '936b2273-fb77-416f-a052-f018772142b6', 'display_name': 'Kamal', 'type': 'PERSON', 'number_of_recommendations': 1}]"
3928465,Raj,2024-04-19T17:32:45.973451,Phu Quoc (by Nguyen),"Bui Vien, 20, Ho Chi Minh, VN, 70000",Ho Chi Minh,VN,"restaurant, coffee shop",10.762622,106.660172,0,0,27,https://maps.google.com/?cid=12764746839652819883,895347623,207,"[{'open': 700, 'close': 2100}]","[{'open': 700, 'close': 2100}]","[{'open': 700, 'close': 2100}]","[{'open': 700, 'close': 2100}]","[{'open': 700, 'close': 2100}]","[{'open': 800, 'close': 2200}]","[{'open': 800, 'close': 2200}]",0,0,0,0,0,0,0,0,0,[],[],[],[],[],[],[],[],[]
7623331,B. Johansen,2024-04-17T21:10:45.892322,Verde,"Oudegracht 78, Utrecht, NL, 3511 AW.",Utrecht,NL,cafe,52.0917994,5.1147284,0,0,20,https://maps.google.com/?cid=3368981744720137857,700400678,558,"[{'open': 1100, 'close': 2100}]","[{'open': 1100, 'close': 2100}]","[{'open': 1100, 'close': 2100}]","[{'open': 1100, 'close': 2100}]","[{'open': 1100, 'close': 2100}]","[{'open': 1100, 'close': 2100}]","[{'open': 1100, 'close': 2100}]",0,0,0,15,0,0,5,0,0,[],[],[],"[{'uuid': '895ae3dc-7230-4058-9edb-6d3c20bf2d30', 'display_name': 'Bella', 'type': 'PERSON', 'number_of_recommendations': 1}]",[],[],"[{'uuid': '895ae3dc-7230-4058-9edb-6d3c20bf2d30', 'display_name': 'Bella', 'type': 'PERSON', 'number_of_recommendations': 1}]",[],[]
372067,Tyne,2025-09-17T17:23:32.256512,La Verde Cafe,"Rue Bonnard, 7gs, Paris, FR, 75013.",Paris,FR,restaurant,48.8765,2.35558,0,0,102,https://maps.google.com/?cid=3715648927542474982,98125145,334,"[{'open': 400, 'close': 1200}, {'open': 1430, 'close': 2330}]","[{'open': 400, 'close': 1200}, {'open': 1430, 'close': 2330}]","[{'open': 400, 'close': 1200}, {'open': 1430, 'close': 2330}]","[{'open': 400, 'close': 1200}, {'open': 1430, 'close': 2330}]","[{'open': 400, 'close': 1200}, {'open': 1430, 'close': 2330}]","[{'open': 400, 'close': 1200}, {'open': 1430, 'close': 2330}]","[{'open': 1430, 'close': 2330}, {'open': 400, 'close': 1200}]",0,0,0,0,0,0,0,0,0,[],[],[],[],[],[],[],[],[]
3846311,John,2025-09-03T11:45:23.223503,Moreno & Sons,"Avienda Liberdade, 69, Lisbon, PT, 1250-142.",Lisbon,PT,cafe,38.7222524,-9.1393366,0,0,20,https://maps.google.com/?cid=1843615471202845298,19275032,137,[],"[{'open': 2300, 'close': 3000}]","[{'open': 2300, 'close': 3000}]","[{'open': 2300, 'close': 3000}]","[{'open': 2300, 'close': 3000}]","[{'open': 2300, 'close': 3000}]",[],0,0,0,0,0,0,0,0,0,[],[],[],[],[],[],[],[],[]
6725701,B. Sorenson,2025-11-18T15:45:22.725984,Joe's Diner,"456 Main Street, Seattle, USA, 98109.",Seattle,USA,diner,47.6097,-122.3331,0,0,150,https://maps.google.com/?cid=8352902836191229126,13090528,282,"[{'open': 600, 'close': 2200}]","[{'open': 600, 'close': 2200}]","[{'open': 600, 'close': 2200}]","[{'open': 600, 'close': 2200}]","[{'open': 600, 'close': 2400}]","[{'open': 0, 'close': 2400}]","[{'open': 800, 'close': 2200}]",0,0,0,120,0,0,5,0,0,[],[],[],"[{'uuid': '781jw75h-3565-cd82-9fds-jf4b97dndk15', 'display_name': 'Chris', 'type': 'PERSON', 'number_of_recommendations': 4}, {'uuid': '9k83fjs1-m4r5-4g6f-nf82-4b15gf9i5hf5', 'display_name': 'Kyle', 'type': 'PERSON', 'number_of_recommendations': 2}]",[],[],"[{'uuid': '781jw75h-3565-cd82-9fds-jf4b97dndk15', 'display_name': 'Chris', 'type': 'PERSON', 'number_of_recommendations': 1}]",[],[]
3849257,B. Smith,2024-08-23T19:24:32.992183,Luigi's New York - Central Park,"Bow Bridge Dr, New York, US, Y65 2LR.",New York,US,"pizza, meal_pickup",40.782883,-73.965426,0,0,1,https://maps.google.com/?cid=4843723722132748597,13289456,558,"[{'open': 1200, 'close': 2300}]","[{'open': 1200, 'close': 2300}]","[{'open': 1200, 'close': 2300}]","[{'open': 1200, 'close': 2300}]","[{'open': 1200, 'close': 2300}]","[{'open': 1200, 'close': 2300}]","[{'open': 1200, 'close': 2300}]",0,0,0,0,0,0,0,0,1,[],[],[],[],[],[],[],[],"[{'uuid': '589ds2hf-9357-4928-9tdc-5h3s91ss0r34', 'display_name': 'Bob', 'type': 'PERSON', 'number_of_recommendations': 1}]"
5829130,John,2030-10-02T21:33:50.876243,Green Vineyard & Bistro,"Bluefield Road, Carlton, AU, M24 9FD.",Carlton,AU,"bistro, vineyard",48.822462,2.612724,0,0,5,https://maps.google.com/?cid=3336270913327823865,15678433,336,"[{'open': 800, 'close': 2200}]","[{'open': 100, 'close': 200}, {'open': 800, 'close': 2200}]","[{'open': 100, 'close': 200}, {'open': 800, 'close': 2200}]","[{'open': 100, 'close': 200}, {'open': 800, 'close': 2200}]","[{'open': 100, 'close': 200}, {'open': 800, 'close': 2200}]","[{'open': 100, 'close': 300}, {'open': 900, 'close': 2200}]","[{'open': 900, 'close': 2200}, {'open': 100, 'close': 300}]",0,0,0,0,0,0,0,0,0,[],[],[],[],[],[],[],[],[]
7853941,B. Kowalski,2025-02-15T15:30:45.681244,Alfresco Bistro,"Third Rosemary Street, 28, Berlin, DE, 10785.",Berlin,DE,bistro,52.52437,13.41053,0,0,75,https://maps.google.com/?cid=5522812683626378429,98745631,388,"[{'open': 800, 'close': 200}, {'open': 2100, 'close': 2400}]","[{'open': 800, 'close': 200}, {'open': 2100, 'close': 2400}]","[{'open': 800, 'close': 200}, {'open': 2100, 'close': 2400}]","[{'open': 800, 'close': 200}, {'open': 2100, 'close': 2400}]","[{'open': 800, 'close': 200}, {'open': 2100, 'close': 2400}]","[{'open': 900, 'close': 400}, {'open': 2100, 'close': 2400}]","[{'open': 1000, 'close': 2400}, {'open': 0, 'close': 200}]",0,0,0,50,0,0,5,0,0,[],[],[],"[{'uuid': '7130d4eb-a6f1-4f47-a6f4-1dd8a6f10b20', 'display_name': 'Max', 'type': 'PERSON', 'number_of_recommendations': 4}, {'uuid': '99ce2e79-f6ca-4dbf-b8ef-b41fcd12deb9', 'display_name': 'Annika', 'type': 'PERSON', 'number_of_recommendations': 2}]",[],[],"[{'uuid': '7130d4eb-a6f1-4f47-a6f4-1dd8a6f10b20', 'display_name': 'Max', 'type': 'PERSON', 'number_of_recommendations': 3}]",[],[]
748203,Bella,2023-08-15T20:45:39.876512,La Roseraie,"Rue Sainte-Rose, 28bis, Paris, FR, 75004.",Paris,FR,restaurant,48.8597913,2.3607765,0,0,102,https://maps.google.com/?cid=3975404040768458670,72137852,388,"[{'open': 500, 'close': 1100}, {'open': 1600, 'close': 2300}]","[{'open': 500, 'close': 1100}, {'open': 1600, 'close': 2300}]","[{'open': 500, 'close': 1100}, {'open': 1600, 'close': 2300}]","[{'open': 500, 'close': 1100}, {'open': 1600, 'close': 2300}]","[{'open': 500, 'close': 1100}, {'open': 1600, 'close': 2300}]","[{'open': 600, 'close': 1100}, {'open': 1600, 'close': 2300}]","[{'open': 600, 'close': 1100}, {'open': 1600, 'close': 2300}]",0,0,0,0,0,0,0,0,0,[],[],[],[],[],[],[],[],[]
90506742,B. Johnson,2021-11-20T12:45:09.392817,Pandan Asian Cuisine,"Michigan Avenue, 201, Chicago, US, 60601",Chicago,US,"restaurant, Asian food",41.8830836,-87.6247867,0,0,2,https://maps.google.com/?cid=10478263877058576213,90306574,558,"[{'open': 1200, 'close': 2200}]","[{'open': 1200, 'close': 2200}]","[{'open': 1200, 'close': 2200}]","[{'open': 1200, 'close': 2200}]","[{'open': 1200, 'close': 2300}]","[{'open': 1200, 'close': 2300}]","[{'open': 1200, 'close': 2200}]",0,0,0,0,1,1,0,0,0,[],[],[],[],"[{'uuid': '863hk4cf-9423-5642-5pda-2d6cf76u8f36', 'display_name': 'Bryan', 'type': 'PERSON', 'number_of_recommendations': 1}]","[{'uuid': '203hk5df-7823-7642-2qda-3d9gu81l9d45', 'display_name': 'Maria', 'type': 'PERSON', 'number_of_recommendations': 1}]",[],[],[]
3457852,John,2025-07-03T18:10:20.846837,Tropic Flavors - Caribbean Cuisine,"Main Street, 457, Austin, TX, 78705, US.",Austin,US,"restaurant, food",30.2878533,-97.7395462,0,0,2,https://maps.google.com/?cid=15472648478763752630,23145789,334,"[{'open': 1000, 'close': 2000}]","[{'open': 1000, 'close': 2000}]","[{'open': 1000, 'close': 2000}]","[{'open': 1000, 'close': 2000}]","[{'open': 1000, 'close': 2000}]","[{'open': 1000, 'close': 2200}]","[{'open': 1000, 'close': 2100}]",0,0,0,0,0,1,0,0,1,[],[],[],[],[],['John'],[],[],['John']
842659,Boris,2024-09-02T14:15:42.075183,Beluga,"Untere Straße, 32, Heidelberg, DE, 69117.",Heidelberg,DE,cafe,49.4135,8.70923,0,0,12,https://maps.google.com/?cid=9242598764699887761,18629738,569,"[{'open': 900, 'close': 2100}]","[{'open': 900, 'close': 2100}]","[{'open': 900, 'close': 2100}]","[{'open': 900, 'close': 2100}]","[{'open': 900, 'close': 2230}]","[{'open': 930, 'close': 2230}]","[{'open': 930, 'close': 2130}]",0,0,0,0,0,0,0,0,0,[],[],[],[],[],[],[],[],[]
4730210,Sam,2024-03-15T21:53:05.287151,The Green Bean,"Hoxton Street, 77, London, UK, N1 6PJ.",London,UK,"coffee, bakery",51.5272797,-0.0842801,0,0,110,https://maps.google.com/?cid=37291861862878556321,92871628,334,"[{'open': 600, 'close': 1800}]","[{'open': 600, 'close': 1800}]","[{'open': 600, 'close': 1800}]","[{'open': 600, 'close': 1800}]","[{'open': 600, 'close': 1800}]","[{'open': 800, 'close': 1700}]","[{'open': 900, 'close': 1600}]",0,0,0,0,0,0,0,0,0,[],[],[],[],[],[],[],[],[]
87977,Sara,2024-05-17T19:32:30.352813,Starbucks,"Hancock St, 257, Quincy, US, 02171",Quincy,US,cafe,42.2567947,-71.00947,0,0,4354,https://maps.google.com/?cid=1054916249666925433,30859243,282,"[{'open': 700, 'close': 2000}]","[{'open': 700, 'close': 2000}]","[{'open': 700, 'close': 2000}]","[{'open': 700, 'close': 2000}]","[{'open': 700, 'close': 2200}]","[{'open': 800, 'close': 2200}]","[{'open': 800, 'close': 2200}]",0,0,0,0,0,0,0,0,0,[],[],[],[],[],[],[],[],[]
9872458,B. Richardson,2025-11-10T14:14:23.301282,Barista Coffee,"Melbourne Avenue, No:12, Victoria, AUS, 3000.",Victoria,AUS,coffee_shop,37.8136,144.9631,0,0,2,https://maps.google.com/?cid=722753712615363821,23872022,137,"[{'open': 800, 'close': 200}, {'open': 700, 'close': 2300}]","[{'open': 700, 'close': 2300}]","[{'open': 700, 'close': 2300}]","[{'open': 700, 'close': 2300}]","[{'open': 700, 'close': 2300}]","[{'open': 700, 'close': 2300}]","[{'open': 700, 'close': 2300}, {'open': 800, 'close': 200}]",0,0,0,0,0,1,0,0,0,[],[],[],[],[],"[{'uuid': '874fd3ac-2882-493c-89a9-3323e6283f07', 'display_name': 'Oliver', 'type': 'PERSON', 'number_of_recommendations': 1}]",[],[],[]
4567891,B. Johnson,2025-06-15T18:45:34.660574,The Pizza Palace,"Baker Street, 221, London, UK, NW1 6XE.",London,UK,"cafe, pizzeria",51.519776,-0.157897,0,0,72,https://maps.google.com/?cid=16543720901234567890,456231789,771,"[{'open': 1100, 'close': 2200}]","[{'open': 1100, 'close': 2200}]","[{'open': 1100, 'close': 2200}]","[{'open': 1100, 'close': 22200}]","[{'open': 1100, 'close': 2300}]","[{'open': 1200, 'close': 2300}]","[{'open': 1200, 'close': 2200}]",0,0,0,0,0,4,3,0,6,[],[],[],[],[],"[{'uuid': '675gt3cf-1234-5678-a90f-4d12c87bg7h8', 'display_name': 'Emily', 'type': 'PERSON', 'number_of_recommendations': 1}]",[],[],"[{'uuid': '756hk4kl-8901-2345-b6cd-7e89f01gh2i3', 'display_name': 'Jacob', 'type': 'PERSON', 'number_of_recommendations': 1}]"
3993825,Jim,2023-10-07T22:47:21.046329,Roma's,"Corso Vittorio Emanuele, 45, Rome, Italy, 1023 CV.",Rome,IT,"pizzeria, wine-bar",41.8902102,12.4922309,1,1,45,https://maps.google.com/?cid=1154692123434932941,15527652,334,"[{'open': 900, 'close': 2200}]","[{'open': 900, 'close': 2200}]","[{'open': 900, 'close': 2200}]","[{'open': 1000, 'close': 2300}]","[{'open': 1000, 'close': 2300}]","[{'open': 0, 'close': 2400}, {'open': 1100, 'close': 2300}]","[{'open': 1100, 'close': 2200}, {'open': 0, 'close': 900}]",1,1,1,1,1,1,0,0,1,['John'],['Adam'],['Emma'],['Phil'],['Sara'],['Alice'],[],[],['Chris']
52608,Bella,2022-07-10T14:23:18.690154,Bistro Bern,"Lanuitstraat, 45, Bern, SW, 2010 BY.",Bern,SW,cafe,46.9482716,7.4470855,1,1,30,https://maps.google.com/?cid=3392888776784577108,24170247,569,[],[],"[{'open': 1700, 'close': 2400}]","[{'open': 0, 'close': 200}, {'open': 1800, 'close': 2400}]","[{'open': 0, 'close': 200}, {'open': 1800, 'close': 2400}]","[{'open': 0, 'close': 400}, {'open': 1600, 'close': 2400}]","[{'open': 0, 'close': 400}]",1,1,1,1,1,1,1,1,1,[],[],[],[],[],[],[],[],[]
478656,D. Ledger,2024-04-22T14:52:18.056892,Luz Verde,"Calle de Alcalá 490, Madrid, ES, 28027.",Madrid,ES,"tapas, bar",40.433862,-3.67689,0,0,73,https://maps.google.com/?cid=3325904505876002540,98721530,569,[],[],[],[],[],[],[],0,0,0,0,0,0,4,0,0,[],[],[],[],[],[],"[{'uuid': '391da7bc-3060-44ca-b597-612fafc11750', 'display_name': 'Emma', 'type': 'PERSON', 'number_of_recommendations': 2}]",[],[]
4894821,Kyle,2022-10-30T14:55:23.341232,Veggie Grill,"Third Street Promenade, 720, Santa Monica, US, 90401.",Santa Monica,US,"vegan_restaurant, meal_takeaway",34.0166667,-118.4965556,0,0,6,https://maps.google.com/?cid=5795761749041146901,12345820,569,"[{'open': 0, 'close': 0}]","[{'open': 0, 'close': 0}]","[{'open': 0, 'close': 0}]","[{'open': 0, 'close': 0}]","[{'open': 0, 'close': 0}]","[{'open': 0, 'close': 0}]","[{'open': 0, 'close': 0}]",0,0,0,0,0,1,0,4,1,[],[],[],[],[],[],[],[],[]
7856421,Z. Briggs,2025-07-20T02:19:20.345859,Healy's Pavillion by Gordon Ramsay,"High Street, 43, London, UK, 21058.",London,UK,"gourmet, fine_dining",51.509865,-0.118092,0,0,16,https://maps.google.com/?cid=976543597820458769513,25904213,336,"[{'open': 730, 'close': 2130}]","[{'open': 730, 'close': 2130}]","[{'open': 730, 'close': 2130}]","[{'open': 730, 'close': 2130}]","[{'open': 730, 'close': 2200}]","[{'open': 800, 'close': 2200}]","[{'open': 800, 'close': 2130}]",0,0,0,2,3,2,3,0,6,[],[],[],"[{'uuid': '1965f7ef-cf23-475a-8123-7g97hg3594u1', 'display_name': 'Matthew', 'type': 'PERSON', 'number_of_recommendations': 1}, {'uuid': 'vs2290c1-gm65-302e-89j0-378262581p99', 'display_name': 'Alex Turner', 'type': 'PERSON', 'number_of_recommendations': 1}]","[{'uuid': 'h7349378-p965-9a67-b776-z903c89704er', 'display_name': 'Eliza', 'type': 'PERSON', 'number_of_recommendations': 1}]","[{'uuid': '91b9b20c-p5fe-9c3d-zb9b-2e9c5gfdcv56', 'display_name': 'Emily', 'type': 'PERSON', 'number_of_recommendations': 1}]","[{'uuid': '502cb3cf-u569-6037-keda-5d3b90af0131', 'display_name': 'Harrison', 'type': 'PERSON', 'number_of_recommendations': 2}, {'uuid': 'bd1316c3-y3u8-785a-ab46-208362cfe3a1', 'display_name': 'Daniel', 'type': 'PERSON', 'number_of_recommendations': 1}]",,"[{'uuid': '4e989f36-ij6f-7a28-23a5-b9390c742cgc', 'display_name': 'Nathan', 'type': 'PERSON', 'number_of_recommendations': 1}, {'uuid': 'd737dbed-n16e-666d-0318-611be240f4d9', 'display_name': 'Richard', 'type': 'PERSON', 'number_of_recommendations': 1}]"
2839842,Ben,2024-07-29T07:58:13.453827,BeBop,"E 12th Street, 217, Los Angeles, US, 90015.",Los Angeles,US,"jazz_club, restaurant",34.0456,-118.253924,0,0,7,https://maps.google.com/?cid=1235666719953260178,29801025,334,"[{'open': 1000, 'close': 30}, {'open': 2000, 'close': 2400}]","[{'open': 1000, 'close': 30}, {'open': 2000, 'close': 2400}]","[{'open': 1000, 'close': 30}, {'open': 2000, 'close': 2400}]","[{'open': 1000, 'close': 30}, {'open': 2000, 'close': 2400}]","[{'open': 1000, 'close': 30}, {'open': 2000, 'close': 2400}]","[{'open': 1000, 'close': 30}, {'open': 2000, 'close': 2400}]","[{'open': 2000, 'close': 2400}, {'open': 1000, 'close': 30}]",0,0,0,0,1,1,0,1,0,[],[],[],[],[],[],[],[],[]
34601,B. Daniels,2023-10-05T15:27:47.678391,Urban Delight,"Sunset Avenue, 70, Los Angeles, US, 90010.",Los Angeles,US,"cafe, diner",34.0674602,-118.3440776,0,0,2,https://maps.google.com/?cid=1350269286181091475,16789012,137,"[{'open': 700, 'close': 1530}, {'open': 1800, 'close': 2300}]","[{'open': 700, 'close': 1530}, {'open': 1800, 'close': 2300}]","[{'open': 700, 'close': 1530}, {'open': 1800, 'close': 2300}]","[{'open': 700, 'close': 1530}, {'open': 1800, 'close': 2300}]","[{'open': 700, 'close': 1700}, {'open': 1800, 'close': 1300}]","[{'open': 800, 'close': 1700}, {'open': 1800, 'close': 2300}]","[{'open': 900, 'close': 1530}, {'open': 0, 'close': 2300}]",0,0,0,0,0,2,0,0,0,[],[],[],[],[],"[{'uuid': '798fw4ef-7462-4928-9bd3-2g3f5uh5tf24', 'display_name': 'Emma', 'type': 'PERSON', 'number_of_recommendations': 2}]",[],[],[]
721318,John,2023-07-12T18:32:36.777267,Mes Amis Bistro,"Rue du Marché, 9, Brussels, BE, 1000.",Brussels,BE,cafe,50.8475727,4.358322,0,0,42,https://maps.google.com/?cid=5110692057945753467,55789734,771,"[{'open': 800, 'close': 1900}]",[],"[{'open': 1300, 'close': 2300}]","[{'open': 1300, 'close': 2300}]","[{'open': 1200, 'close': 2300}]","[{'open': 1100, 'close': 2300}]","[{'open': 1200, 'close': 2000}]",0,0,0,0,0,0,0,0,0,[],[],[],[],[],[],[],[],[]
2972560,B. Fernandes,2024-01-23T21:37:45.986347,Tapas Bar El Chicos,"Carrer de Sant Pau, 45, Barcelona, SP, 08001.",Barcelona,SP,"tapas bar, restaurant",41.3796612,2.1763157,0,0,54,https://maps.google.com/?cid=13346236456789423567,26740953,558,"[{'open': 1100, 'close': 2330}]","[{'open': 1100, 'close': 2330}]","[{'open': 1100, 'close': 2330}]","[{'open': 1100, 'close': 2400}]","[{'open': 1100, 'close': 2400}]","[{'open': 1100, 'close': 2400}]","[{'open': 1100, 'close': 2330}]",0,0,0,22,0,0,17,0,8,[],[],[],"[{'uuid': '431cb2fd-1782-4887-be8c-5d8a02bae6b3', 'display_name': 'Miguel', 'type': 'PERSON', 'number_of_recommendations': 3}, {'uuid': 'd2775cfa-4782-4104-bb2b-08766ea3747b', 'display_name': 'Pablo', 'type': 'PERSON', 'number_of_recommendations': 2}]",[],[],"[{'uuid': '431cb2fd-1782-4887-be8c-5d8a02bae6b3', 'display_name': 'Miguel', 'type': 'PERSON', 'number_of_recommendations': 8}, {'uuid': 'c714d2bd-17b5-4023-801f-1d7b2f9735cd', 'display_name': 'Carlos', 'type': 'PERSON', 'number_of_recommendations': 2}]",[],"[{'uuid': '431cb2fd-1782-4887-be8c-5d8a02bae6b3', 'display_name': 'Miguel', 'type': 'PERSON', 'number_of_recommendations': 2}]"
7894561,Maya,2024-06-12T15:34:20.379421,Micheal's Koffiehuis,"Keizersgracht, 589J, Leiden, NL, 2301 RT.",Leiden,NL,cafe,52.157204,4.493186,0,0,5,https://maps.google.com/?cid=16521889395237738916,15980792,336,"[{'open': 900, 'close': 1700}, {'open': 1800, 'close': 2200}]","[{'open': 900, 'close': 1700}, {'open': 1800, 'close': 2200}]","[{'open': 900, 'close': 1700}, {'open': 1800, 'close': 2200}]","[{'open': 900, 'close': 1700}, {'open': 1800, 'close': 2200}]","[{'open': 900, 'close': 1700}, {'open': 1800, 'close': 2200}]","[{'open': 900, 'close': 2200}]","[{'open': 1200, 'close': 2200}]",0,0,0,0,0,0,0,0,0,[],[],[],[],[],[],[],[],[]
492860,Zoe,2024-05-28T18:25:45.102384,Piccini Pizzeria & Bar,"Via Martiri, 245, Florence, IT, 50121.",Florence,IT,pizzeria,43.7695604,11.2558136,0,0,4,https://maps.google.com/?cid=10145678912233456789,34561289,569,[],[],"[{'open': 1900, 'close': 2300}]","[{'open': 1900, 'close': 2300}]","[{'open': 1800, 'close': 2300}]","[{'open': 1800, 'close': 2300}]","[{'open': 1800, 'close': 2300}]",0,0,0,0,0,0,0,0,0,[],[],[],[],[],[],[],[],[]
527894,John,2024-04-15T09:07:01.300720,Bistro Central.,"Baker Street, 321, London, UK, N1 5BU.",London,UK,"bistro, wine bar, shop",51.5074,0.1278,0,0,231,https://maps.google.com/?cid=21583421578232140027,30715334,334,"[{'open': 1000, 'close': 2100}]","[{'open': 1000, 'close': 2100}]","[{'open': 1000, 'close': 2100}]","[{'open': 1000, 'close': 2100}]","[{'open': 1000, 'close': 2100}]","[{'open': 1100, 'close': 2100}]","[{'open': 1200, 'close': 2000}]",0,0,0,0,0,0,0,0,0,[],[],[],[],[],[],[],[],[]
7149281,B. Johnson,2025-12-29T15:47:04.339019,Rapido Roma,"Via delle Mura, 77A, Roma, IT, 00184",Roma,IT,cafe,41.8902851,12.4923189,0,0,1,https://maps.google.com/?cid=8473928111873032843,20023891,207,[],"[{'open': 1500, 'close': 2000}]","[{'open': 1500, 'close': 2000}]","[{'open': 1500, 'close': 2000}]","[{'open': 1400, 'close': 2100}]","[{'open': 1400, 'close': 2100}]",[],0,0,0,0,0,0,0,0,1,[],[],[],[],[],[],[],[],"[{'uuid': '6996a5f1-347a-4237-9e35-5b4b80fb1d19', 'display_name': 'James', 'type': 'PERSON', 'number_of_recommendations': 1}]"
3928564,B. Patel,2025-08-15T18:12:45.786231,Blue Dahlia,"2nd Street, 205, Los Angeles, US, 90012.",Los Angeles,US,cafe,34.052235,-118.243683,0,0,2,https://maps.google.com/?cid=645362898382036754501,725614790,137,"[{'open': 1600, 'close': 2100}]","[{'open': 1100, 'close': 2100}]","[{'open': 1100, 'close': 2100}]","[{'open': 1100, 'close': 2100}]","[{'open': 1100, 'close': 2100}]","[{'open': 1000, 'close': 1500}, {'open': 1600, 'close': 2100}]","[{'open': 1000, 'close': 1500}, {'open': 1600, 'close': 2100}]",0,0,0,0,0,1,0,0,1,[],[],[],[],[],"[{'uuid': '378fd5a7-7324-4b72-8d35-6b4c571a0e12', 'display_name': 'Raj', 'type': 'PERSON', 'number_of_recommendations': 1}]",[],[],"[{'uuid': '50a7e8bd-2546-44d9-8e2a-589657541d8b', 'display_name': 'Simran', 'type': 'PERSON', 'number_of_recommendations': 1}]"
9265835,J. Smith,2024-06-15T03:30:49.168193,La Baguette,"West Adams Street, 250, Chicago, US, 60615.",Chicago,US,"bakery, cafe",41.878113,-87.629799,0,0,4,https://maps.google.com/?cid=11291090284987947623,393428932,334,"[{'open': 700, 'close': 2200}]","[{'open': 700, 'close': 2200}]","[{'open': 700, 'close': 2200}]","[{'open': 700, 'close': 2200}]","[{'open': 0, 'close': 300}, {'open': 700, 'close': 2200}]","[{'open': 0, 'close': 300}, {'open': 700, 'close': 2200}]","[{'open': 700, 'close': 2200}, {'open': 0, 'close': 300}]",0,0,0,0,0,0,0,0,4,[],[],[],[],[],[],[],[],"[{'uuid': '7241ae5a-567a-4930-8e19-f81038adf7a9', 'display_name': 'John', 'type': 'PERSON', 'number_of_recommendations': 4}]"
9028374,James,2024-03-12T08:45:10.587312,Madrid's Finest Diner,"Calle Mayor, 520, Madrid, ES, 28013.",Madrid,ES,cafe,40.4167754,-3.7037902,0,0,2,https://maps.google.com/?cid=15492108571,578937605,336,"[{'open': 800, 'close': 1600}, {'open': 1800, 'close': 2400}]","[{'open': 800, 'close': 1600}, {'open': 1800, 'close': 2400}]","[{'open': 800, 'close': 1600}, {'open': 1800, 'close': 2400}]","[{'open': 800, 'close': 1600}, {'open': 1800, 'close': 2400}]","[{'open': 800, 'close': 1600}, {'open': 1800, 'close': 2400}]","[{'open': 900, 'close': 1600}, {'open': 1800, 'close': 2400}]","[{'open': 900, 'close': 1600}, {'open': 1800, 'close': 2400}]",0,0,0,0,0,0,0,0,0,[],[],[],[],[],[],[],[],[]
3256970,B. Adames,2024-06-15T18:30:45.625537,Luna's,"East Street, 50, Barcelona, SP, 08016 MK.",Barcelona,SP,"cafe, wine bar",41.4023929,2.1734035,0,0,35,https://maps.google.com/?cid=11685926372853372841,595798434,102,"[{'open': 1100, 'close': 2400}]","[{'open': 1100, 'close': 2400}]","[{'open': 1100, 'close': 2400}]","[{'open': 1100, 'close': 2500}]","[{'open': 1100, 'close': 2500}]","[{'open': 100, 'close': 200}, {'open': 1100, 'close': 2500}]","[{'open': 1100, 'close': 2400}, {'open': 100, 'close': 200}]",0,0,0,20,2,0,3,0,10,[],[],[],"[{'uuid': '696be2df-9258-4046-8eda-5d3b80bf0d25', 'display_name': 'Carlos', 'type': 'PERSON', 'number_of_recommendations': 3}, {'uuid': '069c1080-8bdb-497f-bd27-5fbc6ea3579d', 'display_name': 'Maria', 'type': 'PERSON', 'number_of_recommendations': 2}]","[{'uuid': '696be2df-9258-4046-8eda-5d3b80bf0d25', 'display_name': 'Carlos', 'type': 'PERSON', 'number_of_recommendations': 2}]",[],"[{'uuid': '696be2df-9258-4046-8eda-5d3b80bf0d25', 'display_name': 'Carlos', 'type': 'PERSON', 'number_of_recommendations': 2}]",[],"[{'uuid': '696be2df-9258-4046-8eda-5d3b80bf0d25', 'display_name': 'Carlos', 'type': 'PERSON', 'number_of_recommendations': 8}]"
837201,B. O'Reilly,2024-04-10T07:33:20.026850,Pizzeria Luigi's,"Via del Corso, 50123, Florence, IT, 50123",Florence,IT,pizzeria,43.769562,11.255814,0,0,8,https://maps.google.com/?cid=10753902390897447231,485612340,334,"[{'open': 300, 'close': 1330}, {'open': 1730, 'close': 2300}]","[{'open': 300, 'close': 1330}, {'open': 1730, 'close': 2300}]","[{'open': 300, 'close': 1330}, {'open': 1730, 'close': 2300}]","[{'open': 300, 'close': 1330}, {'open': 1730, 'close': 2300}]","[{'open': 300, 'close': 1330}, {'open': 1730, 'close': 2300}]","[{'open': 0, 'close': 2400}]","[{'open': 1230, 'close': 2300}, {'open': 0, 'close': 200}]",0,0,0,0,0,2,1,0,3,[],[],[],[],[],"[{'uuid': '7a4fb3e3-b673-4ecd-9b14-b3a8f695d68f', 'display_name': 'Patrick', 'type': 'PERSON', 'number_of_recommendations': 1}]",[],[],"[{'uuid': '590ce6cf-9463-4051-9eda-5e3b92af0a34', 'display_name': 'Sean', 'type': 'PERSON', 'number_of_recommendations': 1}]"
3458191,Z. Makhdoom,2025-10-11T15:32:21.421356,Chiringuito d' Elbert,"Cerrajeros, 12, Valencia, ES, 46001.",Valencia,ES,cafe,39.4692706,-0.3766547,0,0,5,https://maps.google.com/?cid=1256648392704752795,624313868,771,"[{'open': 1000, 'close': 2200}]","[{'open': 1000, 'close': 2200}]","[{'open': 1000, 'close': 2200}]","[{'open': 1000, 'close': 2200}]","[{'open': 1000, 'close': 2200}]","[{'open': 0, 'close': 300}, {'open': 1000, 'close': 2200}]","[{'open': 1000, 'close': 2200}, {'open': 0, 'close': 300}]",0,0,0,0,1,0,0,0,0,[],[],[],[],"[{'uuid': '8146f49c-b799-4833-a367-7d38c7d58982', 'display_name': 'Zain', 'type': 'PERSON', 'number_of_recommendations': 1}]",[],[],[],[]
295792,Bella,2024-05-20T18:15:29.519689,Ristorante Lucio,"Via Veneto, 47, Rome, IT, 00187.",Rome,IT,italian,41.9042101,12.4891123,0,0,20,https://maps.google.com/?cid=10788728429576321547,723969230,558,"[{'open': 1200, 'close': 1500}, {'open': 1900, 'close': 2300}]","[{'open': 1200, 'close': 1500}, {'open': 1900, 'close': 2300}]","[{'open': 1200, 'close': 1500}, {'open': 1900, 'close': 2300}]","[{'open': 1200, 'close': 1500}, {'open': 1900, 'close': 2300}]","[{'open': 1200, 'close': 1500}, {'open': 1900, 'close': 2300}]","[{'open': 1200, 'close': 2300}]","[{'open': 1200, 'close': 2300}]",0,0,0,0,0,0,0,0,0,[],[],[],[],[],[],[],[],[]
7354289,B. Thompson,2023-12-05T05:22:21.395472,Blue Ocean,"Baker Street, 442, Los Angeles, US, 90001.",Los Angeles,US,seafood restaurant,34.052235,-118.243683,0,0,27,https://maps.google.com/?cid=274259637832187368,764514700,102,"[{'open': 900, 'close': 2200}]","[{'open': 900, 'close': 2200}]","[{'open': 900, 'close': 2200}]","[{'open': 900, 'close': 2200}]","[{'open': 900, 'close': 2400}]","[{'open': 800, 'close': 2400}]","[{'open': 800, 'close': 2200}]",0,0,0,14,2,3,2,2,4,[],[],[],"[{'uuid': '455df3fa-6299-4232-9edf-5d4c90ba0d60', 'display_name': 'John', 'type': 'PERSON', 'number_of_recommendations': 4}, {'uuid': 'a28e3386-6957-4507-9967-94ej321bd1fe', 'display_name': 'Joe', 'type': 'PERSON', 'number_of_recommendations': 3}, {'uuid': 'ddc4362e-6eef-46c6-9851-3515d840d449', 'display_name': 'Bob', 'type': 'PERSON', 'number_of_recommendations': 3}, {'uuid': 'f94864da-8bdf-4b6b-ab8e-cd22fcb3a82a', 'display_name': 'Alex', 'type': 'PERSON', 'number_of_recommendations': 2}, {'uuid': 'ebc38dfb-9fd6-46d2-9d7c-1bfbdab2ec18', 'display_name': 'Sam', 'type': 'PERSON', 'number_of_recommendations': 2}]",[],[],"[{'uuid': '455df3fa-6299-4232-9edf-5d4c90ba0d60', 'display_name': 'John', 'type': 'PERSON', 'number_of_recommendations': 2}]",[],"[{'uuid': '455df3fa-6299-4232-9edf-5d4c90ba0d60', 'display_name': 'John', 'type': 'PERSON', 'number_of_recommendations': 2}, {'uuid': '17529e28-b3e2-508c-9120-580d85ddc752', 'display_name': 'Mark', 'type': 'PERSON', 'number_of_recommendations': 1}, {'uuid': '15bc6dac-8b24-4249-a74a-4d9fc6a62d18', 'display_name': 'Steve', 'type': 'PERSON', 'number_of_recommendations': 1}, {'uuid': '4e896f36-1f6f-4b28-87a5-b9460c946c3f', 'display_name': 'Ethan', 'type': 'PERSON', 'number_of_recommendations': 1}, {'uuid': '8b6ce263-c58c-4c5b-bb25-87712b19d0b7', 'display_name': 'Jake', 'type': 'PERSON', 'number_of_recommendations': 1}]"
4896217,Bruce,2025-10-28T18:39:28.978456,Herb Haven,"East 39th Street, 22, Chicago, US, 60601.",Chicago,US,cafe,41.8755616,-87.6244212,0,0,6,https://maps.google.com/?cid=9837262497282787085,793162198,137,"[{'open': 1030, 'close': 2100}]","[{'open': 1030, 'close': 2100}]","[{'open': 1030, 'close': 2100}]","[{'open': 1030, 'close': 2100}]","[{'open': 1030, 'close': 2230}]","[{'open': 1000, 'close': 2230}]","[{'open': 1000, 'close': 2100}]",0,0,0,0,0,0,0,0,0,[],[],[],[],[],[],[],[],[]
2825458,Rama,2024-10-11T10:25:48.187490,Zephyr,"Luchthavenweg, 81, Eindhoven, NL, 5657 EA.",Eindhoven,NL,cafe,51.4501674,5.3749425,0,0,80,https://maps.google.com/?cid=10396384684396418236,683402694,336,[],[],"[{'open': 1700, 'close': 2300}]","[{'open': 0, 'close': 300}, {'open': 1700, 'close': 2300}]","[{'open': 0, 'close': 300}, {'open': 1700, 'close': 2300}]","[{'open': 0, 'close': 300}, {'open': 1700, 'close': 2300}]","[{'open': 0, 'close': 300}]",0,0,0,0,0,0,0,0,0,[],[],[],[],[],[],[],[],[]
827356,D. Johnson,2023-12-10T22:10:45.785436,Bistro Lyon,"Rue Saint-Dominique, 17th, Paris, FR, 75007.",Paris,FR,bistro,48.8605713,2.351082,0,0,116,https://maps.google.com/?cid=3832769039174928571,900840478,102,"[{'open': 300, 'close': 1200}, {'open': 1630, 'close': 2300}]","[{'open': 300, 'close': 1200}, {'open': 1630, 'close': 2300}]","[{'open': 300, 'close': 1200}, {'open': 1630, 'close': 2300}]","[{'open': 300, 'close': 1200}, {'open': 1630, 'close': 2300}]","[{'open': 300, 'close': 1200}, {'open': 1630, 'close': 2300}]","[{'open': 300, 'close': 1200}, {'open': 1630, 'close': 2300}]","[{'open': 1630, 'close': 2300}, {'open': 300, 'close': 1200}]",0,0,0,68,0,0,18,0,24,[],[],[],"[{'uuid': '735gf419-7t59-5678-8jd7-8m7b20afuv16', 'display_name': 'David', 'type': 'PERSON', 'number_of_recommendations': 9}]",[],[],"[{'uuid': '735gf419-7t59-5678-8jd7-8m7b20afuv16', 'display_name': 'David', 'type': 'PERSON', 'number_of_recommendations': 6}]",[],"[{'uuid': '735gf419-7t59-5678-8jd7-8m7b20afuv16', 'display_name': 'David', 'type': 'PERSON', 'number_of_recommendations': 9}]"
5278391,B. Hanson,2024-01-10T15:27:00.678902,Bakery Bistro Whittaker,"Greenlane Drive, 23, Boston, US, 3421 KF.",Boston,US,"bakery, bistro",42.3602534,-71.0582912,0,0,52,https://maps.google.com/?cid=22292850789064962199,803978356,102,"[{'open': 800, 'close': 2200}]","[{'open': 800, 'close': 2200}]","[{'open': 800, 'close': 2200}]","[{'open': 800, 'close': 2300}]","[{'open': 800, 'close': 2300}]","[{'open': 800, 'close': 2300}]","[{'open': 800, 'close': 2200}]",0,0,0,25,0,0,12,0,7,[],[],[],"[{'uuid': '789de27a-9483-4510-b973-7d4b72a89627', 'display_name': 'Nico', 'type': 'PERSON', 'number_of_recommendations': 3}, {'uuid': '685317f3-7165-4958-9859-72859a917f65', 'display_name': 'Jake', 'type': 'PERSON', 'number_of_recommendations': 2}]",[],[],"[{'uuid': '789de27a-9483-4510-b973-7d4b72a89627', 'display_name': 'Nico', 'type': 'PERSON', 'number_of_recommendations': 10}, {'uuid': 'e11f1073-6884-4a28-acfe-c4a89b2d56e7', 'display_name': 'Eva', 'type': 'PERSON', 'number_of_recommendations': 1}]",[],"[{'uuid': '789de27a-9483-4510-b973-7d4b72a89627', 'display_name': 'Nico', 'type': 'PERSON', 'number_of_recommendations': 2}]"
785423,John,2024-01-26T19:42:35.983218,La Tariana,"Carrer Sant Pau, 23b, Barcelona, ES, 08001",Barcelona,ES,restaurant,41.3819902,2.1719183,0,0,150,https://maps.google.com/?cid=6875012358492649782,15092649,569,"[{'open': 100, 'close': 500}, {'open': 1700, 'close': 2400}]","[{'open': 100, 'close': 500}, {'open': 1700, 'close': 2400}]","[{'open': 100, 'close': 500}, {'open': 1700, 'close': 2400}]","[{'open': 100, 'close': 500}, {'open': 1700, 'close': 2400}]","[{'open': 100, 'close': 500}, {'open': 1800, 'close': 2400}]","[{'open': 100, 'close': 500}, {'open': 1800, 'close': 2400}]","[{'open': 1700, 'close': 2400}, {'open': 100, 'close': 500}]",0,0,0,0,0,0,0,0,0,[],[],[],[],[],[],[],[],[]
3849621,John,2025-09-13T15:54:23.928736,Bistro Amigo,"Oststrasse, 78, Berlin, DE, 10785.",Berlin,DE,bistro,52.4882995,13.378061,0,0,32,https://maps.google.com/?cid=22318069508786709647,28412090,102,"[{'open': 1700, 'close': 2500}]","[{'open': 100, 'close': 200}]","[{'open': 1700, 'close': 2500}]","[{'open': 0, 'close': 200}, {'open': 1700, 'close': 2500}]","[{'open': 0, 'close': 200}, {'open': 1700, 'close': 2500}]","[{'open': 200, 'close': 300}, {'open': 1300, 'close': 2500}]","[{'open': 1300, 'close': 2100}, {'open': 0, 'close': 200}]",0,0,0,0,0,0,0,0,0,[],[],[],[],[],[],[],[],[]
7569851,John,2023-11-23T14:14:15.070472,Rubio's Coastal Grill - Las Vegas,"6875 W. Russell Road, Nevada, US, NV 89118",Nevada,US,"grill, meal_takeaway",36.084336,-115.241966,0,0,3,https://maps.google.com/?cid=3462416729843574632,87656238,336,"[{'open': 1030, 'close': 2030}]","[{'open': 1030, 'close': 2030}]","[{'open': 1030, 'close': 2030}]","[{'open': 1030, 'close': 2030}]","[{'open': 1030, 'close': 2030}]","[{'open': 1030, 'close': 2030}]","[{'open': 1030, 'close': 2030}]",0,0,0,0,0,0,0,0,0,[],[],[],[],[],[],[],[],[]
3591829,Emma,2024-08-24T13:14:44.976567,Milano Pasta,"West King Street, 212, Toronto, CA, M5V 2C8.",Toronto,CA,Italian,43.653225,-79.383186,0,0,2,https://maps.google.com/?cid=2150393954682564343,13567532,569,"[{'open': 1100, 'close': 2300}]","[{'open': 1100, 'close': 2300}]","[{'open': 1100, 'close': 2300}]","[{'open': 1100, 'close': 2300}]","[{'open': 1100, 'close': 2300}]","[{'open': 1000, 'close': 2330}]","[{'open': 1200, 'close': 2300}]",0,1,0,0,1,0,0,0,0,[],['Liam'],[],[],['Ella'],[],[],[],[]
4783021,Sam,2024-06-12T12:23:23.110032,Bistro Vie,"Spiegelgracht, 132, Rotterdam, NL, 3011 DG.",Rotterdam,NL,"cafe, bistro",51.907629,4.468431,0,0,54,https://maps.google.com/?cid=11611961508334958955,18739843,771,"[{'open': 400, 'close': 1200}, {'open': 1300, 'close': 2300}]","[{'open': 400, 'close': 1200}, {'open': 1300, 'close': 2300}]","[{'open': 400, 'close': 1200}, {'open': 1300, 'close': 2300}]","[{'open': 400, 'close': 1200}, {'open': 1300, 'close': 2300}]","[{'open': 200, 'close': 400}, {'open': 1300, 'close': 2200}]","[{'open': 400, 'close': 1200}, {'open': 1300, 'close': 2300}]","[{'open': 400, 'close': 1200}, {'open': 1300, 'close': 2300}]",0,0,0,0,0,0,0,0,0,[],[],[],[],[],[],[],[],[]
297285,Jack,2024-01-20T11:30:45.121445,Celebrate at Joy,"2nd West Quay, 36, Blackburn, UK, BB1 5BE.",Blackburn,UK,cafe,53.7485751,-2.4875305,0,0,6,https://maps.google.com/?cid=13809465395080592631,19285049,771,[],"[{'open': 900, 'close': 1900}]","[{'open': 900, 'close': 1900}]","[{'open': 900, 'close': 1900}]","[{'open': 900, 'close': 2000}]","[{'open': 900, 'close': 2000}]","[{'open': 900, 'close': 2000}]",0,0,0,0,0,0,0,0,0,[],[],[],[],[],[],[],[],[]
7532126,K. Johnson,2024-06-11T15:49:20.182738,The Laughing Cat,"Baker Street, 221B, London, UK, NW1 6XE.",London,UK,pub,51.5226918,-0.1589642,5,5,98,https://maps.google.com/?cid=14854024969485695822,24584652,137,"[{'open': 300, 'close': 1200}, {'open': 1300, 'close': 2400}]","[{'open': 300, 'close': 1200}, {'open': 1400, 'close': 2400}]","[{'open': 300, 'close': 1200}, {'open': 1400, 'close': 2400}]","[{'open': 300, 'close': 1200}, {'open': 1400, 'close': 2400}]","[{'open': 300, 'close': 1200}, {'open': 1400, 'close': 2400}]","[{'open': 300, 'close': 1200}, {'open': 0, 'close': 1300}]","[{'open': 1200, 'close': 2400}, {'open': 300, 'close': 1200}]",0,0,0,0,0,0,0,0,35,[],[],[],[],[],[],[],[],"[{'uuid': '789bf3df-9639-4755-9df1-60b68dfba139', 'display_name': 'Rose', 'type': 'PERSON', 'number_of_recommendations': 3}, {'uuid': 'cde5462d-5eeb-47c4-9880-2425b810dc93', 'display_name': 'Gary', 'type': 'PERSON', 'number_of_recommendations': 2}]"
8749921,John,2025-12-03T14:20:45.452853,Tokyo House - de la Vina,"Verdugo Boulevard, 12, Los Angeles, US, 91205.",Los Angeles,US,Sushi,34.1425078,-118.255075,0,0,45,https://maps.google.com/?cid=7687416520115428852,25987441,334,"[{'open': 1500, 'close': 2200}]","[{'open': 1500, 'close': 2200}]","[{'open': 1500, 'close': 2200}]","[{'open': 1500, 'close': 2200}]","[{'open': 1500, 'close': 2300}]","[{'open': 1500, 'close': 2300}]","[{'open': 1500, 'close': 2100}]",0,0,0,0,0,0,0,0,0,[],[],[],[],[],[],[],[],[]
5274619,B. Kashani,2024-09-15T12:20:45.305398,Namira Teahouse,"Serdar-i Ekrem Cd., No:5, Beyoğlu, TR, 34421.",Beyoğlu,TR,teahouse,41.0323625,28.975927,0,0,5,https://maps.google.com/?cid=477930185746221995,15478529,137,"[{'open': 0, 'close': 110}, {'open': 830, 'close': 2400}]","[{'open': 830, 'close': 2400}]","[{'open': 830, 'close': 2400}]","[{'open': 830, 'close': 2400}]","[{'open': 830, 'close': 2400}]","[{'open': 830, 'close': 2400}]","[{'open': 830, 'close': 2400}, {'open': 0, 'close': 110}]",0,0,0,0,0,0,0,0,2,[],[],[],[],[],[],[],[],"[{'uuid': '692fd7df-9612-435d-aded-5f3b90bf1d30', 'display_name': 'Bita', 'type': 'PERSON', 'number_of_recommendations': 2}]"
3957264,M. Abdullah,2022-06-17T19:45:23.327456,Riva's,"East Street, 15, Boston, US, 01115 JK.",Boston,US,"cafe, club",42.360083,-71.0588801,0,0,35,https://maps.google.com/?cid=13295454678287672852,25987640,137,"[{'open': 900, 'close': 2200}]","[{'open': 900, 'close': 2200}]","[{'open': 900, 'close': 2200}]","[{'open': 900, 'close': 2400}]","[{'open': 900, 'close': 2400}]","[{'open': 0, 'close': 100}, {'open': 900, 'close': 2400}]","[{'open': 900, 'close': 2200}, {'open': 0, 'close': 100}]",0,0,0,20,2,0,3,0,10,[],[],[],"[{'uuid': '786ipt1g-5236-4953-abcd-8f96523ef987', 'display_name': 'Mike', 'type': 'PERSON', 'number_of_recommendations': 3}, {'uuid': '123kl890-bcd0-1208-ad66-23af56bc789d', 'display_name': 'John', 'type': 'PERSON', 'number_of_recommendations': 2}]","[{'uuid': '786ipt1g-5236-4953-abcd-8f96523ef987', 'display_name': 'Mike', 'type': 'PERSON', 'number_of_recommendations': 1}]",[],"[{'uuid': '786ipt1g-5236-4953-abcd-8f96523ef987', 'display_name': 'Mike', 'type': 'PERSON', 'number_of_recommendations': 2}]",[],"[{'uuid': '786ipt1g-5236-4953-abcd-8f96523ef987', 'display_name': 'Mike', 'type': 'PERSON', 'number_of_recommendations': 8}]"
541263,B. Watson,2023-11-20T12:40:10.135820,Luce Solare Ristorante,"Piazza del Popolo, 56, Rome, IT, 00187.",Rome,IT,"Italian restaurant,pizzeria",41.911199,12.47576,0,0,60,https://maps.google.com/?cid=9976120432105166150,24556932,137,[],[],[],[],[],[],[],0,0,0,0,0,3,0,0,1,[],[],[],[],[],"[{'uuid': '597gt4hk-0214-5071-8ccd-9j4v70gf1r30', 'display_name': 'Jane', 'type': 'PERSON', 'number_of_recommendations': 2}]",[],[],"[{'uuid': '897rf4ld-7245-8461-lk4d-7y4w82kl5630', 'display_name': 'Harry', 'type': 'PERSON', 'number_of_recommendations': 1}]"
5390482,Rachel,2024-02-21T15:15:14.802052,Burger and Barrel,"West Houston Street, 25, Boston, US, 02134.",Boston,US,"cafe, fast-food",42.3601,-71.0589,0,0,1,https://maps.google.com/?cid=2015568811665819326,10395462,771,"[{'open': 1800, 'close': 2200}]","[{'open': 1800, 'close': 2200}]","[{'open': 1800, 'close': 2300}]","[{'open': 1800, 'close': 2300}]","[{'open': 1800, 'close': 2400}]","[{'open': 1200, 'close': 1600}, {'open': 1800, 'close': 2400}]","[{'open': 1200, 'close': 1600}, {'open': 1800, 'close': 2200}]",0,0,0,0,0,0,0,0,0,[],[],[],[],[],[],[],[],[]
8937456,B. Kirkpatrick,2024-07-25T10:49:55.891444,Dusk,"East 20th Street, 220, Los Angeles, US, 90292.",Los Angeles,US,"pub, cocktail_bar",33.9874,-118.470896,0,0,6,https://maps.google.com/?cid=2208927354449872592,25891216,388,"[{'open': 0, 'close': 35}, {'open': 2000, 'close': 2500}]","[{'open': 0, 'close': 35}, {'open': 2000, 'close': 2500}]","[{'open': 0, 'close': 35}, {'open': 2000, 'close': 2500}]","[{'open': 0, 'close': 35}, {'open': 2000, 'close': 2500}]","[{'open': 0, 'close': 35}, {'open': 2000, 'close': 2500}]","[{'open': 0, 'close': 35}, {'open': 2000, 'close': 2500}]","[{'open': 2000, 'close': 2500}, {'open': 0, 'close': 35}]",0,0,0,3,0,0,2,0,1,[],[],[],"[{'uuid': '94be8534-a869-4038-94eb-4f0999ab487c', 'display_name': 'Bruce', 'type': 'PERSON', 'number_of_recommendations': 2}]",[],[],"[{'uuid': '13eb794f-e565-4c3a-b741-2e93e3bdcf46', 'display_name': 'Cedric', 'type': 'PERSON', 'number_of_recommendations': 1}]",[],"[{'uuid': '94be8534-a869-4038-94eb-4f0999ab487c', 'display_name': 'Bruce', 'type': 'PERSON', 'number_of_recommendations': 1}, {'uuid': '38ed78ca-9084-4212-8d8d-3d0fba462d64', 'display_name': 'Derek', 'type': 'PERSON', 'number_of_recommendations': 1}]"
5839271,Marie,2024-02-25T13:15:59.575786,La Petite Table,"East 7th Avenue, 512, Los Angeles, US, 90002.",Los Angeles,US,cafe,34.052235,-118.243683,0,0,3,https://maps.google.com/?cid=926372648255964956511,26455104,207,[],[],"[{'open': 1300, 'close': 1800}]","[{'open': 1300, 'close': 1800}]","[{'open': 1300, 'close': 1900}]","[{'open': 1000, 'close': 1200}, {'open': 1300, 'close': 1900}]","[{'open': 1000, 'close': 1600}]",0,0,0,0,0,0,0,0,0,[],[],[],[],[],[],[],[],[]
5494846,James,2022-08-15T02:15:45.123967,Brick Oven Bistro by Garry-Rosette,"Elm Street, 57, Boston, US, 2215.",Boston,US,"cafe, bistro",42.356503,-71.05972,0,0,21,https://maps.google.com/?cid=11685465918101487621,14507650,282,"[{'open': 900, 'close': 2300}]","[{'open': 900, 'close': 2300}]","[{'open': 900, 'close': 2300}]","[{'open': 900, 'close': 2300}]","[{'open': 900, 'close': 2330}]","[{'open': 900, 'close': 2330}]","[{'open': 900, 'close': 2300}]",0,0,0,0,0,0,0,0,0,[],[],[],[],[],[],[],[],[]
5882923,B. Jahanbin,2023-09-21T18:19:12.862505,Sansai,"West 40th Street, 234, Los Angeles, US, 90038.",Los Angeles,US,café,34.095287,-118.1270146,0,0,2,https://maps.google.com/?cid=28868124074359732720,17562079,388,"[{'open': 1500, 'close': 2000}]","[{'open': 1500, 'close': 2000}]","[{'open': 1500, 'close': 2000}]","[{'open': 1500, 'close': 2300}]","[{'open': 1600, 'close': 2330}]","[{'open': 1600, 'close': 2330}]",[],0,0,0,0,1,0,1,0,0,[],[],[],[],"[{'uuid': '789de3cc-9455-4337-8fd1-6d5b90bc1a30', 'display_name': 'Behzad', 'type': 'PERSON', 'number_of_recommendations': 1}]",[],"[{'uuid': '580ff3bd-8309-4030-98ea-3d7a10bf1d30', 'display_name': 'Sara', 'type': 'PERSON', 'number_of_recommendations': 1}]",[],[]
3944736,Jack,2024-10-18T17:56:45.928473,Emerald Bistro,"South 33rd Street, 22, Los Angeles, US, 90001.",Los Angeles,US,cafe,34.052235,-118.243683,0,0,5,https://maps.google.com/?cid=6745463875638142867,28514789,771,"[{'open': 1030, 'close': 2100}]","[{'open': 1030, 'close': 2100}]","[{'open': 1030, 'close': 2100}]","[{'open': 1030, 'close': 2100}]","[{'open': 1030, 'close': 2300}]","[{'open': 1000, 'close': 2300}]","[{'open': 1000, 'close': 2100}]",0,0,0,0,0,0,0,0,0,[],[],[],[],[],[],[],[],[]
9527361,John,2024-04-30T10:15:28.964123,Skyline,"Skyline Boulevard, 28, Seattle, US, 98101.",Seattle,US,cafe,47.625305,-122.322183,0,0,2,https://maps.google.com/?cid=5926473836816478216,27945032,102,"[{'open': 1500, 'close': 2100}]","[{'open': 1500, 'close': 2100}]","[{'open': 1500, 'close': 2100}]","[{'open': 1500, 'close': 2100}]","[{'open': 1500, 'close': 2100}]","[{'open': 1500, 'close': 2100}]","[{'open': 1100, 'close': 2100}]",0,0,0,0,0,0,0,0,0,[],[],[],[],[],[],[],[],[]
54896,Sam,2024-06-15T07:22:34.358761,Stone Hearth,"Elm Street, 28, Los Angeles, US, 90001.",Los Angeles,US,"cafe, bakery",34.052235,-118.243683,0,0,2,https://maps.google.com/?cid=1597205612738276110,32054876,102,"[{'open': 600, 'close': 1200}, {'open': 1300, 'close': 1800}]","[{'open': 600, 'close': 1200}, {'open': 1300, 'close': 1800}]","[{'open': 600, 'close': 1200}, {'open': 1300, 'close': 1800}]","[{'open': 600, 'close': 1200}, {'open': 1300, 'close': 1800}]","[{'open': 600, 'close': 1300}, {'open': 1400, 'close': 1900}]","[{'open': 700, 'close': 1300}, {'open': 1400, 'close': 1900}]","[{'open': 1400, 'close': 1900}, {'open': 0, 'close': 1300}]",0,0,0,0,0,0,0,0,0,[],[],[],[],[],[],[],[],[]
3902356,B. Mariner,2024-07-03T15:33:00.486789,Bistro Solitaire,"Jubilee Plaza, 22, London, UK, W1G 8HT.",London,UK,"bistro, fine dining",51.513648,-0.14369,0,0,52,https://maps.google.com/?cid=10548956634985922135,21056732,569,"[{'open': 1200, 'close': 2200}]","[{'open': 1200, 'close': 2200}]","[{'open': 1200, 'close': 2200}]","[{'open': 1200, 'close': 2300}]","[{'open': 1200, 'close': 2300}]","[{'open': 1200, 'close': 2300}]","[{'open': 1300, 'close': 2200}]",0,0,0,20,0,5,12,0,8,[],[],[],"[{'uuid': '795de4ab-8946-4f2b-aec8-7e1b92af6b2a', 'display_name': 'Charlie', 'type': 'PERSON', 'number_of_recommendations': 3}, {'uuid': '912267d1-843a-4842-b2f2-160eca93d20a', 'display_name': 'Emily', 'type': 'PERSON', 'number_of_recommendations': 2}]",[],"[{'uuid': 'f45gh67c-5478-5f45-ba90-8d3z66hi7j51', 'display_name': 'Sophie', 'type': 'PERSON', 'number_of_recommendations': 5}]","[{'uuid': '795de4ab-8946-4f2b-aec8-7e1b92af6b2a', 'display_name': 'Charlie', 'type': 'PERSON', 'number_of_recommendations': 8}, {'uuid': 'h12d5276-7560-1205-b6b3-12yuw331bc1g', 'display_name': 'Sam', 'type': 'PERSON', 'number_of_recommendations': 3}]",[],"[{'uuid': '795de4ab-8946-4f2b-aec8-7e1b92af6b2a', 'display_name': 'Charlie', 'type': 'PERSON', 'number_of_recommendations': 2}]"
2741563,John,2022-08-03T13:12:18.274436,Bistro Paris,"Champs-Élysées, 9, Paris, FR, 75008.",Paris,FR,bistro,48.87153,2.30098,0,0,96,https://maps.google.com/?cid=11223344556677889900,27415632,771,"[{'open': 1100, 'close': 2300}]","[{'open': 1100, 'close': 2300}]","[{'open': 1100, 'close': 2300}]","[{'open': 1100, 'close': 2300}]","[{'open': 1100, 'close': 2300}]","[{'open': 0, 'close': 200}, {'open': 1100, 'close': 2300}]","[{'open': 1100, 'close': 2300}, {'open': 0, 'close': 200}]",0,0,0,0,0,0,0,0,0,[],[],[],[],[],[],[],[],[]
233888,Z. Halvorsen,2024-04-15T14:07:30.245220,Mama Mia,"Sankt Peders Stræde, 22, Copenhagen, DK, 1453",Copenhagen,DK,"pizza, pasta, restaurant",55.6796593,12.5644868,0,0,156,https://maps.google.com/?cid=7103227359618972615,26327492,558,"[{'open': 1700, 'close': 2300}]","[{'open': 1800, 'close': 2300}]","[{'open': 1800, 'close': 2300}]","[{'open': 1800, 'close': 2300}]","[{'open': 1800, 'close': 2359}, {'open': 1200, 'close': 2300}]","[{'open': 1200, 'close': 2359}, {'open': 1800, 'close': 2300}]","[{'open': 1800, 'close': 2200}, {'open': 1200, 'close': 2100}]",0,0,0,65,0,0,23,0,0,[],[],[],"[{'uuid': 'a925b2f8-d5cc-452c-809b-8570c39ab1e9', 'display_name': 'Leif', 'type': 'PERSON', 'number_of_recommendations': 1}]",[],[],"[{'uuid': '9a41fe35-48b0-43cf-8943-55b912456db0', 'display_name': 'Emil', 'type': 'PERSON', 'number_of_recommendations': 1}, {'uuid': 'd2f495f1-7302-4ec5-a5e9-9a8bbf93f7a8', 'display_name': 'Erik', 'type': 'PERSON', 'number_of_recommendations': 1}, {'uuid': '48756152-7269-473f-93ee-f24cda38526e', 'display_name': 'Lars', 'type': 'PERSON', 'number_of_recommendations': 1}]",[],[]
765823,B. Jamison,2024-12-15T12:01:06.235124,Tea Garden.,"Strand, 220, London, UK, WC2R 1BB.",London,UK,"tea shop, restaurant, bookstore",51.5126607,-0.1159699,0,0,195,https://maps.google.com/?cid=22238452429504330327,69537541,558,"[{'open': 900, 'close': 2000}]","[{'open': 900, 'close': 2000}]","[{'open': 900, 'close': 2000}]","[{'open': 900, 'close': 2000}]","[{'open': 900, 'close': 2000}]","[{'open': 900, 'close': 2000}]","[{'open': 1000, 'close': 2000}]",0,0,0,90,3,0,0,0,0,[],[],[],"[{'uuid': '82561986-72db-5a69-ci78-20a75d7u539u', 'display_name': 'Emily', 'type': 'PERSON', 'number_of_recommendations': 1}]","[{'uuid': '595ie5gh-345d-1035-7ygl-5a3s78uj9a30', 'display_name': 'Liam', 'type': 'PERSON', 'number_of_recommendations': 1}]",[],[],[],[]
330968,B. Zhang,2024-07-19T22:32:12.447564,Café Versailles,"Calle Mayor, 20, Madrid, ES, 28013.",Madrid,ES,café,40.4165,-3.704,0,0,40,https://maps.google.com/?cid=5184968274632233889,26405229,102,"[{'open': 800, 'close': 2000}]",[],"[{'open': 1100, 'close': 2300}]","[{'open': 1100, 'close': 2300}]","[{'open': 1000, 'close': 2300}]","[{'open': 900, 'close': 2300}]","[{'open': 1000, 'close': 1900}]",0,0,0,25,0,0,10,0,5,[],[],[],"[{'uuid': 'f5249358-e273-4b79-b557-b236c96608ee', 'display_name': 'Roberta', 'type': 'PERSON', 'number_of_recommendations': 2}, {'uuid': '8c717563-5287-46aa-9707-a55db6f45999', 'display_name': 'Miguel', 'type': 'PERSON', 'number_of_recommendations': 1}, {'uuid': 'h27v161f-50g6-94l8-b663-8cc8e6ff8c5g', 'display_name': 'Sergio', 'type': 'PERSON', 'number_of_recommendations': 2}]",[],[],"[{'uuid': '595ve4cf-9550-4978-9vba-6d5b90bf0d29', 'display_name': 'Maria', 'type': 'PERSON', 'number_of_recommendations': 6}]",[],"[{'uuid': '9a988c5d-3d88-4ba2-b120-25e8d8d22858', 'display_name': 'Fernando', 'type': 'PERSON', 'number_of_recommendations': 3}]"
910287,Mike,2023-11-15T14:30:05.932000,Bistro du Parc,"Place de la Republique, 7, Paris, FR, 75011.",Paris,FR,bistro,48.8674847,2.3630521,0,0,45,https://maps.google.com/?cid=12451245678212093874,28916795,336,"[{'open': 800, 'close': 1900}]","[{'open': 800, 'close': 1900}]",[],"[{'open': 800, 'close': 2200}]","[{'open': 1000, 'close': 2300}]","[{'open': 1100, 'close': 2200}]","[{'open': 1000, 'close': 2000}]",0,0,0,0,0,0,0,0,0,[],[],[],[],[],[],[],[],[]
9785621,B. Johnson,2024-07-31T18:59:23.984256,Perrone & Figli,"Via di San Clemente, 12, Rome, IT, 00184.",Rome,IT,winery,41.893058,12.494569,0,0,25,https://maps.google.com/?cid=28028674654203867584,50947823,137,[],"[{'open': 1000, 'close': 1800}]","[{'open': 1000, 'close': 1800}]","[{'open': 1000, 'close': 1800}]","[{'open': 1000, 'close': 1800}]","[{'open': 1000, 'close': 1800}]",[],0,0,1,10,2,4,6,1,5,[],[],[],"[{'uuid': '746bf2cf-6435-4287-8eda-5d2c61add962', 'display_name': 'Bob', 'type': 'PERSON', 'number_of_recommendations': 4}]",[],[],"[{'uuid': '746bf2cf-6435-4287-8eda-5d2c61add962', 'display_name': 'Bob', 'type': 'PERSON', 'number_of_recommendations': 2}]",[],"[{'uuid': '746bf2cf-6435-4287-8eda-5d2c61add962', 'display_name': 'Bob', 'type': 'PERSON', 'number_of_recommendations': 2}]"
6895161,B. Johnson,2024-09-15T20:14:08.150028,Cafe Zurich,"Plaza de Catalunya, 5, Barcelona, ES, 8001.",Barcelona,ES,cafe,41.385063,2.173404,0,0,2,https://maps.google.com/?cid=6896976039412256805,15678953,137,[],"[{'open': 1800, 'close': 2130}]","[{'open': 1800, 'close': 2130}]","[{'open': 1800, 'close': 2130}]","[{'open': 1730, 'close': 2230}]","[{'open': 1730, 'close': 2230}]",[],0,0,0,0,0,1,1,0,0,[],[],[],[],[],"[{'uuid': '892ce3cf-7869-5038-9edb-4d4b90af0b10', 'display_name': 'Mike', 'type': 'PERSON', 'number_of_recommendations': 1}]","[{'uuid': '895cc3df-7859-5037-9eda-4d3b90af0d20', 'display_name': 'Jenny', 'type': 'PERSON', 'number_of_recommendations': 1}]",[],[]
5698124,John,2022-01-01T10:30:40.521107,The Habitat,"Brooklyn Ave, 987, Los Angeles, US, 20010.",Los Angeles,US,cafe,34.052235,-118.243683,0,0,25,https://maps.google.com/?cid=346819788315678712,986258768,558,"[{'open': 700, 'close': 2300}]","[{'open': 800, 'close': 2400}]","[{'open': 700, 'close': 2300}]","[{'open': 800, 'close': 2400}]","[{'open': 800, 'close': 2400}]","[{'open': 800, 'close': 2400}]","[{'open': 700, 'close': 2300}]",0,0,0,0,0,0,0,0,0,[],[],[],[],[],[],[],[],[]
7659115,J. Kendall,2022-08-15T11:41:43.153647,Luminary,"East 32nd Street, 730, Chicago, US, 60616.",Chicago,US,restaurant,41.838003,-87.626872,0,0,2,https://maps.google.com/?cid=73834076567415980542,987640192,282,[],[],[],[],[],[],[],0,0,0,0,0,1,0,1,0,[],[],[],[],[],"[{'uuid': '35feb865-92f3-426f-b959-960fd653ced1', 'display_name': 'Austin', 'type': 'PERSON', 'number_of_recommendations': 1}]",[],"[{'uuid': 'af849aad-b219-4eae-945c-d40e27c639ae', 'display_name': 'Kendall', 'type': 'PERSON', 'number_of_recommendations': 1}]",[]
3798261,B. Frederikson,2024-04-30T11:42:23.283411,Crunchy Cafe London,"Hanover Street, 213, London, UK, W1S 1",London,UK,cafe,51.5127977,-0.1371637,0,0,2,https://maps.google.com/?cid=16296042495102328262,762348123,558,"[{'open': 800, 'close': 1600}, {'open': 1800, 'close': 2400}]","[{'open': 800, 'close': 1600}, {'open': 1800, 'close': 2400}]","[{'open': 800, 'close': 1600}, {'open': 1800, 'close': 2400}]","[{'open': 800, 'close': 1600}, {'open': 1800, 'close': 2400}]","[{'open': 800, 'close': 1600}, {'open': 1800, 'close': 2400}]","[{'open': 900, 'close': 1600}, {'open': 1800, 'close': 2400}]","[{'open': 900, 'close': 1600}, {'open': 1800, 'close': 2400}]",0,0,0,0,1,0,0,0,1,[],[],[],[],"[{'uuid': '561dcbab-844f-4fac-a6af-9c23041c7f5b', 'display_name': 'Travis', 'type': 'PERSON', 'number_of_recommendations': 1}]",[],[],[],"[{'uuid': '358ce3cf-8559-4037-9eda-4d3b90af0d20', 'display_name': 'Bianca', 'type': 'PERSON', 'number_of_recommendations': 1}]"
9986754,Roman,2022-08-15T10:30:20.003890,Brioche Dorée,"West Harrison Street, 280, Chicago, US, 60607.",Chicago,US,"bakery, bistro",41.873683,-87.650711,0,0,3,https://maps.google.com/?cid=9878987987654343210,654216532,558,"[{'open': 700, 'close': 2200}]","[{'open': 700, 'close': 2200}]","[{'open': 700, 'close': 2200}]","[{'open': 700, 'close': 2200}]","[{'open': 0, 'close': 300}, {'open': 700, 'close': 2200}]","[{'open': 100, 'close': 400}, {'open': 700, 'close': 2200}]","[{'open': 700, 'close': 2200}, {'open': 0, 'close': 400}]",0,0,1,0,1,0,0,0,1,[],[],[],[],[],[],[],[],[]
6745103,B. Jones,2024-05-12T18:22:29.884211,Viva Veggie,"Albert Cuypstraat, 167G, Rotterdam, NL, 2011 AD.",Rotterdam,NL,cafe,51.9225,4.47917,0,0,37,https://maps.google.com/?cid=6222293648722115731,977644521,207,"[{'open': 900, 'close': 2200}]","[{'open': 900, 'close': 2200}]","[{'open': 900, 'close': 2200}]","[{'open': 900, 'close': 2200}]","[{'open': 900, 'close': 2400}]","[{'open': 900, 'close': 2400}]","[{'open': 900, 'close': 2200}]",0,0,0,0,0,10,17,0,7,[],[],[],[],[],"[{'uuid': '2459dx7a-8923-4104-x9a5-3j3b53jg1y10', 'display_name': 'Bob', 'type': 'PERSON', 'number_of_recommendations': 2}]",[],[],"[{'uuid': '055hj1ki-8923-4104-a9a5-3j3b53jg1t30', 'display_name': 'Tom', 'type': 'PERSON', 'number_of_recommendations': 2}]"
3921642,B. Johnson,2024-01-03T11:20:40.568790,Ristorante Il Forno,"Piazza della Signoria, 7, Florence, IT, 50122",Florence,IT,"restaurant, Italian",43.76999,11.25694,0,0,52,https://maps.google.com/?cid=17856984127950061232,882046319,282,"[{'open': 1200, 'close': 2300}]","[{'open': 1200, 'close': 2300}]","[{'open': 1200, 'close': 2300}]","[{'open': 1200, 'close': 2400}]","[{'open': 1200, 'close': 2400}]","[{'open': 1200, 'close': 2400}]","[{'open': 1200, 'close': 2300}]",0,0,0,28,0,0,15,0,4,[],[],[],"[{'uuid': '6a42da3b-6a99-48ab-8a8f-9b5a95b679ea', 'display_name': 'Tom', 'type': 'PERSON', 'number_of_recommendations': 3}, {'uuid': '2a725a8a-2b37-4ccb-9112-9ac559f48862', 'display_name': 'Leo', 'type': 'PERSON', 'number_of_recommendations': 2}]",[],[],"[{'uuid': '6a42da3b-6a99-48ab-8a8f-9b5a95b679ea', 'display_name': 'Tom', 'type': 'PERSON', 'number_of_recommendations': 10}, {'uuid': '1177c51f-62d8-4329-bb85-b71e14e4a0ca', 'display_name': 'Chris', 'type': 'PERSON', 'number_of_recommendations': 4}]",[],"[{'uuid': '6a42da3b-6a99-48ab-8a8f-9b5a95b679ea', 'display_name': 'Tom', 'type': 'PERSON', 'number_of_recommendations': 1}]"
8793054,Ben,2024-12-19T14:20:01.348413,Mina's Cafe,"Grachtstraat, 5, Rotterdam, NL, 2014 GH.",Rotterdam,NL,cafe,51.9228951,4.4795156,0,0,10,https://maps.google.com/?cid=3044209857395951700,736252861,569,"[{'open': 900, 'close': 2000}]","[{'open': 900, 'close': 2000}]","[{'open': 900, 'close': 2000}]","[{'open': 900, 'close': 2000}]","[{'open': 900, 'close': 2000}]","[{'open': 1000, 'close': 2000}]","[{'open': 1000, 'close': 1500}, {'open': 1000, 'close': 1000}]",0,0,0,0,0,0,0,0,0,[],[],[],[],[],[],[],[],[]
3256821,B. Ashton,2024-04-28T12:43:27.623719,Daley's Diner,"Pike Street, 176, Seattle, US, 98101.",Seattle,US,"diner, cafe",47.6097,-122.3331,0,0,6,https://maps.google.com/?cid=4592993864589732057,475884735,771,"[{'open': 700, 'close': 2200}]","[{'open': 700, 'close': 2200}]","[{'open': 700, 'close': 2200}]","[{'open': 700, 'close': 2200}]","[{'open': 700, 'close': 2200}]","[{'open': 700, 'close': 2200}]","[{'open': 700, 'close': 2200}]",0,0,0,4,0,0,0,0,2,[],[],[],"[{'uuid': '8982d2rg-fg10-567d-1c3d-d70ff5519d28', 'display_name': 'Emma', 'type': 'PERSON', 'number_of_recommendations': 2}]",[],[],[],[],"[{'uuid': '4r50ce3ab-9455-4827-9ddb-3d1e98ag1g20', 'display_name': 'Anthony', 'type': 'PERSON', 'number_of_recommendations': 1}]"
9146251,B. Sutherland,2025-04-08T12:21:42.116411,Pescatore,"Queen Street, 186, Toronto, CA, M5A 1S1.",Toronto,CA,seafood restaurant,43.65107,-79.347015,0,0,3,https://maps.google.com/?cid=4832809123781295102,392612936,102,"[{'open': 1100, 'close': 1400}, {'open': 1800, 'close': 2200}]","[{'open': 1100, 'close': 1400}, {'open': 1800, 'close': 2200}]","[{'open': 1100, 'close': 1400}, {'open': 1800, 'close': 2300}]","[{'open': 1100, 'close': 1400}, {'open': 1800, 'close': 2300}]","[{'open': 1100, 'close': 1400}, {'open': 1800, 'close': 2300}]","[{'open': 1200, 'close': 1400}, {'open': 1800, 'close': 2300}]","[{'open': 1200, 'close': 1400}, {'open': 1800, 'close': 2200}]",0,0,0,0,0,0,0,0,3,[],[],[],[],[],[],[],[],"[{'uuid': '414fa4ce-8301-4f08-b8b9-4ff304197561', 'display_name': 'Benjamin', 'type': 'PERSON', 'number_of_recommendations': 3}]"
7589392,S. D'Mello,2024-05-30T13:30:17.010112,Incognito,"Market Street, 67, Houston, US, 77002.",Houston,US,restaurant,29.7579625,-95.3687251,0,0,5,https://maps.google.com/?cid=13078386883946812159,867102315,388,"[{'open': 1100, 'close': 2230}]","[{'open': 1100, 'close': 2230}]","[{'open': 1100, 'close': 2230}]","[{'open': 1100, 'close': 2230}]","[{'open': 1100, 'close': 2300}]","[{'open': 1100, 'close': 2300}]","[{'open': 1100, 'close': 2230}]",0,0,0,3,1,1,0,0,0,[],[],[],"[{'uuid': '2b9a5dac-7b40-3642-c82a-4d7gh6k79d24', 'display_name': 'Liam', 'type': 'PERSON', 'number_of_recommendations': 2}, {'uuid': '85df294a-d8b5-4272-afd7-c50f3326deb3', 'display_name': 'Emma', 'type': 'PERSON', 'number_of_recommendations': 1}]","[{'uuid': '604cd438-9744-4086-8c8a-5f3c90bt0d31', 'display_name': 'Noah', 'type': 'PERSON', 'number_of_recommendations': 1}]","[{'uuid': '705de4cf-7549-5077-9dd0-4a3b70at0b64', 'display_name': 'Olivia', 'type': 'PERSON', 'number_of_recommendations': 1}]",[],[],[]
8556612,B. Martinez,2024-07-02T19:23:00.131420,Hacienda Del Monte,"Miguel Hidalgo Street, Madrid, ES, 280004.",Madrid,ES,cafe,40.4167754,-3.7037902,0,0,89,https://maps.google.com/?cid=4713188973963725434,896742202,102,"[{'open': 900, 'close': 2200}]","[{'open': 900, 'close': 2200}]","[{'open': 900, 'close': 2200}]","[{'open': 0, 'close': 100}, {'open': 900, 'close': 2200}]","[{'open': 0, 'close': 100}, {'open': 900, 'close': 2200}]","[{'open': 900, 'close': 2200}]","[{'open': 1000, 'close': 2000}, {'open': 0, 'close': 100}]",0,0,0,50,0,0,0,0,30,[],[],[],"[{'uuid': '9876b6ef-aa10-567b-a01f-c20bc3978f13', 'display_name': 'Laura', 'type': 'PERSON', 'number_of_recommendations': 1}]",[],[],[],[],"[{'uuid': '7162e5cf-9125-4018-9edb-5fa3b91b0d45', 'display_name': 'Carlos', 'type': 'PERSON', 'number_of_recommendations': 1}]"
335679,B. Sullivan,2024-05-21T14:53:33.125973,Veiled in Full View,"Alexander, 27, Dublin, IR, D07 F6E3.",Dublin,IR,pub,53.3498053,-6.2603097,0,0,48,https://maps.google.com/?cid=1298857380299876251,893298271,334,"[{'open': 0, 'close': 120}, {'open': 1700, 'close': 2400}]","[{'open': 0, 'close': 120}, {'open': 1700, 'close': 2400}]","[{'open': 0, 'close': 120}, {'open': 1700, 'close': 2400}]","[{'open': 0, 'close': 120}, {'open': 1700, 'close': 2400}]","[{'open': 0, 'close': 120}, {'open': 1700, 'close': 2400}]","[{'open': 0, 'close': 300}, {'open': 1700, 'close': 2400}]","[{'open': 1700, 'close': 2400}, {'open': 0, 'close': 300}]",0,0,0,28,0,0,7,0,0,[],[],[],"[{'uuid': '9a4fe6df-c212-4d6a-a3e7-e70db7596ed9', 'display_name': 'Thomas', 'type': 'PERSON', 'number_of_recommendations': 1}]",[],[],"[{'uuid': '8935d2cf-1234-4567-8eda-2d4b90af0d20', 'display_name': 'Emma', 'type': 'PERSON', 'number_of_recommendations': 1}]",[],[]
685487,B. Anderson,2025-10-15T20:24:39.814320,The Green Yard,"Division Street, 27hs, London, UK, NW1 6EU.",London,UK,restaurant,51.5237635,-0.1355491,0,0,85,https://maps.google.com/?cid=9171067812873826246,978410526,102,"[{'open': 900, 'close': 1300}, {'open': 1700, 'close': 2300}]","[{'open': 900, 'close': 1300}, {'open': 1700, 'close': 2300}]","[{'open': 900, 'close': 1300}, {'open': 1700, 'close': 2300}]","[{'open': 900, 'close': 1300}, {'open': 1700, 'close': 2300}]","[{'open': 900, 'close': 1300}, {'open': 1700, 'close': 2300}]","[{'open': 1000, 'close': 1300}, {'open': 1700, 'close': 2300}]","[{'open': 1000, 'close': 1300}, {'open': 1700, 'close': 2300}]",0,0,0,60,10,5,5,0,5,[],[],[],"[{'uuid': '988fd4af-2857-4623-9cd8-5b2a98ef0d67', 'display_name': 'Bob', 'type': 'PERSON', 'number_of_recommendations': 7}]",[],[],"[{'uuid': '988fd4af-2857-4623-9cd8-5b2a98ef0d67', 'display_name': 'Bob', 'type': 'PERSON', 'number_of_recommendations': 3}]",[],"[{'uuid': '988fd4af-2857-4623-9cd8-5b2a98ef0d67', 'display_name': 'Bob', 'type': 'PERSON', 'number_of_recommendations': 2}]"
489632,John,2024-10-20T08:23:33.876543,Pancakes & Waffles,"Seaview Ln, 37, London, UK, KC2 9HL.",London,UK,"diner, bistro, breakfast joint, eatery",51.509865,-0.118092,0,0,60,https://maps.google.com/?cid=9539172711987561111,17899333,771,"[{'open': 700, 'close': 1500}]","[{'open': 700, 'close': 1500}]","[{'open': 700, 'close': 1500}]","[{'open': 700, 'close': 1500}]","[{'open': 700, 'close': 1500}]","[{'open': 700, 'close': 1500}]","[{'open': 700, 'close': 1500}]",0,0,0,0,0,0,0,0,0,[],[],[],[],[],[],[],[],[]
5793103,B. Johnston,2023-08-15T13:54:42.587562,Meridian Bistro & Pub,"Caledonian Blvd, Ratho Station, GB, EH28 8AR.",Ratho Station,GB,"bistro, pub",55.938032,-3.326902,0,0,5,https://maps.google.com/?cid=1272635109265827800,17893645,569,"[{'open': 550, 'close': 2300}]","[{'open': 0, 'close': 50}, {'open': 550, 'close': 2300}]","[{'open': 0, 'close': 50}, {'open': 550, 'close': 2300}]","[{'open': 0, 'close': 50}, {'open': 550, 'close': 2300}]","[{'open': 0, 'close': 50}, {'open': 550, 'close': 2300}]","[{'open': 0, 'close': 100}, {'open': 630, 'close': 2300}]","[{'open': 630, 'close': 2300}, {'open': 0, 'close': 100}]",0,0,0,0,0,0,0,0,5,[],[],[],[],[],[],[],[],"[{'uuid': '798da4be-9241-4099-8f55-5d5b6a6f75e1', 'display_name': 'Craig', 'type': 'PERSON', 'number_of_recommendations': 4}]"
6891542,B. Jafferson,2021-09-28T21:30:12.456321,Berners St Tavern,"120-124 Berners Street, London, GB, W1T 3EF.",London,GB,"cafe, pub",51.5165301,-0.1341073,0,0,2,https://maps.google.com/?cid=16972345610023242125,89561245,207,"[{'open': 1100, 'close': 2230}]","[{'open': 1100, 'close': 2230}]","[{'open': 1100, 'close': 2230}]","[{'open': 1100, 'close': 2230}]","[{'open': 1100, 'close': 2315}]","[{'open': 1100, 'close': 2315}]","[{'open': 1100, 'close': 2200}]",0,0,0,0,0,0,1,0,1,[],[],[],[],[],[],"[{'uuid': '509bd460-2912-4810-99ee-6d6e8e8d8dae', 'display_name': 'Sam', 'type': 'PERSON', 'number_of_recommendations': 1}]",,"[{'uuid': 'b5715f7c-9eaf-4e1d-825a-eb7ba97310be', 'display_name': 'John', 'type': 'PERSON', 'number_of_recommendations': 1}]"
4792750,Oscar,2022-05-25T18:15:43.761923,Bistro Belle,"Oudegracht, 99 A, Utrecht, NL, 3511 AE.",Utrecht,NL,bistro,53.3924597,5.9039991,0,0,78,https://maps.google.com/?cid=25789903169365920299,90516503,388,"[{'open': 100, 'close': 200}, {'open': 900, 'close': 2350}]","[{'open': 100, 'close': 200}, {'open': 900, 'close': 2350}]","[{'open': 100, 'close': 200}, {'open': 900, 'close': 2350}]","[{'open': 100, 'close': 200}, {'open': 900, 'close': 2350}]","[{'open': 100, 'close': 200}, {'open': 900, 'close': 2350}]","[{'open': 100, 'close': 350}, {'open': 900, 'close': 2350}]","[{'open': 900, 'close': 2350}, {'open': 100, 'close': 350}]",0,0,0,0,0,0,0,0,0,[],[],[],[],[],[],[],[],[]
4894572,John,2024-12-30T13:55:45.098452,Bistro Le Quartier,"Première Rue du Quartier, 27, Paris, FR, 75001",Paris,FR,bistro,48.8527,2.3508,35,50,120,https://maps.google.com/?cid=5222073817263355890,23856472,137,"[{'open': 1100, 'close': 500}, {'open': 1300, 'close': 2400}]","[{'open': 1100, 'close': 500}, {'open': 1300, 'close': 2400}]","[{'open': 1100, 'close': 500}, {'open': 1300, 'close': 2400}]","[{'open': 1100, 'close': 500}, {'open': 1300, 'close': 2400}]","[{'open': 1100, 'close': 500}, {'open': 1300, 'close': 2400}]","[{'open': 1100, 'close': 500}, {'open': 1300, 'close': 2400}]","[{'open': 1100, 'close': 500}, {'open': 1300, 'close': 2400}]",0,0,0,0,0,0,0,0,0,[],[],[],[],[],[],[],[],[]
647392,B. Harrison,2022-10-10T09:03:12.815756,La Terrazza,"Via dei Mille, 53, Rome, IT, 00185.",Rome,IT,pizzeria,41.8961773,12.4988015,0,0,3,https://maps.google.com/?cid=43108415276081491620,67849012,282,[],"[{'open': 1800, 'close': 2300}]","[{'open': 1800, 'close': 2300}]","[{'open': 1800, 'close': 2300}]","[{'open': 1800, 'close': 2400}]","[{'open': 1800, 'close': 2400}]","[{'open': 1800, 'close': 2400}]",0,0,0,0,0,0,0,0,3,[],[],[],[],[],[],[],[],"[{'uuid': '1256e4ad-5678-4957-8acd-1d3b90bf1d30', 'display_name': 'John', 'type': 'PERSON', 'number_of_recommendations': 1}]"
3762104,B. Robertson,2024-02-15T13:24:44.194326,Bistro Latte,"Gutenbergstraße, 37, Berlin, DE, 10587.",Berlin,DE,"cafe, bistro",52.5254482,13.3145496,0,0,84,https://maps.google.com/?cid=20263541608435921586,14889982,771,"[{'open': 100, 'close': 200}, {'open': 1300, 'close': 2200}]","[{'open': 100, 'close': 200}, {'open': 1300, 'close': 2200}]","[{'open': 100, 'close': 200}, {'open': 1300, 'close': 2200}]","[{'open': 100, 'close': 200}, {'open': 1300, 'close': 2200}]","[{'open': 200, 'close': 300}, {'open': 1400, 'close': 2300}]","[{'open': 200, 'close': 300}, {'open': 1400, 'close': 2300}]","[{'open': 1300, 'close': 2200}, {'open': 100, 'close': 200}]",0,0,0,0,0,0,9,0,0,[],[],[],[],[],[],"[{'uuid': '694de6cb-9440-4569-b697-8f1b77dbf371', 'display_name': 'Beth', 'type': 'PERSON', 'number_of_recommendations': 7}]",[],[]
3405891,B. Petrov,2024-09-26T13:14:35.212194,Bella Napoli - Gijsbrecht van Amstel,"Johan de Wittstraat, 45, Hilversum, NL, 1215 HV.",Hilversum,NL,Italian cuisine,52.2231124,5.1761024,0,0,52,https://maps.google.com/?cid=3405891221385207412,25478055,102,"[{'open': 1800, 'close': 2400}]",[],"[{'open': 1800, 'close': 2400}]","[{'open': 1800, 'close': 2400}]","[{'open': 1800, 'close': 2400}]","[{'open': 1800, 'close': 2400}]","[{'open': 1800, 'close': 2400}]",0,0,0,0,0,5,0,0,0,[],[],[],[],[],"[{'uuid': '6aadf5ff-9511-4353-a229-8d487eaef12b', 'display_name': 'Ivan', 'type': 'PERSON', 'number_of_recommendations': 1}]",[],[],[]
5364482,John,2024-09-28T14:10:59.666333,Bellevue Diner,"Charles St, No:9, Bellevue, US, 98005",Bellevue,US,restaurant,47.610378,-122.200676,0,0,5,https://maps.google.com/?cid=23456289237124576,24566292,336,"[{'open': 700, 'close': 2200}]","[{'open': 700, 'close': 2200}]","[{'open': 700, 'close': 2200}]","[{'open': 700, 'close': 2200}]","[{'open': 700, 'close': 2300}]","[{'open': 700, 'close': 2300}]","[{'open': 700, 'close': 2200}]",0,0,0,0,0,0,0,0,0,[],[],[],[],[],[],[],[],[]
5892015,B. Pathak,2025-12-15T10:45:28.555982,OSTO,"Rivermede Road, 78, Toronto, CA, M3J 2S9.",Toronto,CA,cafe,43.706204,-79.4838728,0,0,20,https://maps.google.com/?cid=3382567339822133766,55943875,282,"[{'open': 800, 'close': 2200}]",[],"[{'open': 800, 'close': 2200}]","[{'open': 900, 'close': 2300}]","[{'open': 900, 'close': 2400}]","[{'open': 800, 'close': 2400}]","[{'open': 900, 'close': 2300}]",0,0,0,10,0,0,2,0,0,[],[],[],"[{'uuid': '38e61ded-9b44-31ae-9d46-ec745acfded1', 'display_name': 'John', 'type': 'PERSON', 'number_of_recommendations': 2}]",[],[],"[{'uuid': '556fe2cf-8949-4487-9edf-9a3a98af1h30', 'display_name': 'Sara', 'type': 'PERSON', 'number_of_recommendations': 2}]",[],[]
4752584,James,2023-10-16T08:45:32.564931,LETO,"Christmas Market, 19, Berlin, DE, 10203.",Berlin,DE,cafe,52.5206459,13.4097793,0,0,12,https://maps.google.com/?cid=1486598472629519375,15893206,207,"[{'open': 800, 'close': 2000}]",[],[],"[{'open': 900, 'close': 2200}]","[{'open': 900, 'close': 2300}]","[{'open': 850, 'close': 2300}]","[{'open': 950, 'close': 2200}]",0,0,0,0,0,0,0,0,0,[],[],[],[],[],[],[],[],[]
3892918,James,2025-07-02T18:25:30.554215,Sam's,"Sevenam Street, 20, Oslo, NO, 0468.",Oslo,NO,"cafe, pub",59.9220973,10.7609927,0,0,34,https://maps.google.com/?cid=21375926372853392841,24897652,137,"[{'open': 900, 'close': 2200}]","[{'open': 900, 'close': 2200}]","[{'open': 900, 'close': 2200}]","[{'open': 900, 'close': 2300}]","[{'open': 900, 'close': 2300}]","[{'open': 0, 'close': 1200}, {'open': 900, 'close': 2300}]","[{'open': 900, 'close': 2200}, {'open': 0, 'close': 1200}]",0,0,0,0,0,0,0,0,0,[],[],[],[],[],[],[],[],[]
4567890,Sebastian,2024-01-10T17:11:23.736155,La Piazzetta,"Corso Umberto I, 10, Napoli, IT, 80138",Napoli,IT,"pizzeria, trattoria",40.842987,14.252984,0,0,35,https://maps.google.com/?cid=10345678901234567890,98765432,771,"[{'open': 1900, 'close': 2200}]","[{'open': 1900, 'close': 2300}]","[{'open': 1900, 'close': 2300}]","[{'open': 1900, 'close': 2200}]","[{'open': 1900, 'close': 2300}]","[{'open': 0, 'close': 2400}]","[{'open': 1300, 'close': 2000}, {'open': 0, 'close': 100}]",0,0,0,0,0,0,5,0,0,[],[],[],[],[],[],[],[],[]
3429081,L. Green,2024-05-17T18:45:09.289173,Bistro Le Corail,"Bellevue Str, 14, Berlin, DE, 10711",Berlin,DE,bistro,52.4952087,13.3091732,0,0,10,https://maps.google.com/?cid=34503988224941544981,31740050,137,"[{'open': 1800, 'close': 2345}]",[],[],"[{'open': 1800, 'close': 2345}]","[{'open': 1200, 'close': 1430}, {'open': 1800, 'close': 2345}]","[{'open': 1200, 'close': 1430}, {'open': 1800, 'close': 2345}]","[{'open': 1200, 'close': 1430}, {'open': 1800, 'close': 2345}]",0,0,0,0,0,2,0,0,3,[],[],[],[],[],[],[],[],"[{'uuid': '678fd3de-9674-4b72-a1c5-6e5698272c30', 'display_name': 'Lisa', 'type': 'PERSON', 'number_of_recommendations': 3}]"
3827362,Rahul,2022-07-15T14:28:30.178342,Pasta Cibo*,"Trent Bridge, 2, Nottingham, UK, 4411 NG.",Nottingham,UK,italian,52.9411153,-1.1541032,0,0,5,https://maps.google.com/?cid=93271674941541226,72355116,771,"[{'open': 1730, 'close': 2330}]",[],[],"[{'open': 1730, 'close': 2330}]","[{'open': 1330, 'close': 1800}, {'open': 1930, 'close': 2330}]","[{'open': 1330, 'close': 1800}, {'open': 1930, 'close': 2330}]","[{'open': 1330, 'close': 1800}, {'open': 1930, 'close': 2330}]",0,0,0,0,0,0,0,0,0,[],[],[],[],[],[],[],[],[]
52316,B. Smith,2024-07-15T22:32:38.982365,Tratoria Roma,"Via Lepanto, 89, Rome, IT, 00192",Rome,IT,pizzeria,41.9076436,12.4575671,10,10,25,https://maps.google.com/?cid=4563889774785677636,24113368,336,[],[],"[{'open': 1800, 'close': 2300}]","[{'open': 1800, 'close': 2300}]","[{'open': 1800, 'close': 2300}]","[{'open': 1200, 'close': 1500}, {'open': 1800, 'close': 2300}]","[{'open': 1200, 'close': 1500}]",0,0,0,7,0,8,0,0,10,[],[],[],"[{'uuid': '21781178-64db-3f69-cf77-30d64c7f439b', 'display_name': 'David', 'type': 'PERSON', 'number_of_recommendations': 1}]",[],[],[],[],"[{'uuid': '915ce3cf-8559-4037-8eda-4d3b90af0d20', 'display_name': 'Marco', 'type': 'PERSON', 'number_of_recommendations': 1}]"
618401,J. D. Doe,2022-07-15T12:10:40.011490,South Star Bistro,"Leslie Avenue, 54, Vancouver, CA, 7235 KE.",Vancouver,CA,"bistro, bar",49.28273,-123.120735,0,0,68,https://maps.google.com/?cid=4310963850216973158,21546789,137,[],[],[],[],[],[],[],0,0,0,0,1,1,0,0,0,[],[],[],[],"[{'uuid': '270cd8ef-3275-4b51-b907-8e971ce034a9', 'display_name': 'Sam', 'type': 'PERSON', 'number_of_recommendations': 1}]",[],[],[],[]
9524842,N. Jordan,2024-05-11T15:23:13.124680,Bistro Liberté,"Quai Voltaire, 8, Paris, FR, 75007.",Paris,FR,"bistro, french cuisine",48.8473153,2.3291499,0,0,45,https://maps.google.com/?cid=11445763298415878391,19759312,558,"[{'open': 1000, 'close': 2200}]","[{'open': 1000, 'close': 2200}]","[{'open': 1000, 'close': 2200}]","[{'open': 1000, 'close': 2300}]","[{'open': 1000, 'close': 2300}]","[{'open': 1100, 'close': 2400}]","[{'open': 1100, 'close': 2200}]",0,0,0,10,0,15,7,0,13,[],[],[],"[{'uuid': '1274e0ef-322b-4929-8bb7-84792a23a319', 'display_name': 'Emma', 'type': 'PERSON', 'number_of_recommendations': 3}, {'uuid': '7421k3e4-577d-4796-b4ab-8321fb32b20b', 'display_name': 'Lucas', 'type': 'PERSON', 'number_of_recommendations': 2}]",[],"[{'uuid': '1274e0ef-322b-4929-8bb7-84792a23a319', 'display_name': 'Emma', 'type': 'PERSON', 'number_of_recommendations': 5}, {'uuid': 'a78d5276-c750-5577-a6b3-905cf331bc1f', 'display_name': 'Charlotte', 'type': 'PERSON', 'number_of_recommendations': 6}]","[{'uuid': '1274e0ef-322b-4929-8bb7-84792a23a319', 'display_name': 'Emma', 'type': 'PERSON', 'number_of_recommendations': 3}]",[],"[{'uuid': 'ef98ja21-7504-4697-ab57-f98214a04b4c', 'display_name': 'Sophie', 'type': 'PERSON', 'number_of_recommendations': 5}]"
3457621,B. Hamilton,2024-10-20T20:35:27.213456,Rabbit and Grill,"Riverside Drive, 86, Los Angeles, US, 90005.",Los Angeles,US,"cafe, diner",34.052235,-118.243683,0,0,2,https://maps.google.com/?cid=7999024112498017380,15249528,558,"[{'open': 1700, 'close': 2200}]","[{'open': 1700, 'close': 2200}]","[{'open': 1700, 'close': 2300}]","[{'open': 1700, 'close': 2300}]","[{'open': 1800, 'close': 2300}]","[{'open': 1100, 'close': 1600}, {'open': 1800, 'close': 2300}]","[{'open': 1200, 'close': 1600}, {'open': 1800, 'close': 2200}]",0,0,0,0,1,1,0,0,0,[],[],[],[],"[{'uuid': '605df3ab-9369-4075-9a5a-5d3a96bf0d25', 'display_name': 'Bob', 'type': 'PERSON', 'number_of_recommendations': 1}]","[{'uuid': '705ef3cf-9349-4040-9cda-5d3b96bf0d20', 'display_name': 'Alice', 'type': 'PERSON', 'number_of_recommendations': 1}]",[],[],[]
3187563,Z. Ahmed,2024-08-12T21:45:13.345267,Blue Goose,"Harrison Ave, 3, Boston, US, 02215.",Boston,US,cafe,42.342865,-71.100213,0,0,4,https://maps.google.com/?cid=9427955591481472952,16327643,207,"[{'open': 1500, 'close': 2200}]","[{'open': 1500, 'close': 2200}]","[{'open': 1500, 'close': 2200}]","[{'open': 1500, 'close': 2230}]","[{'open': 1500, 'close': 2230}]","[{'open': 1500, 'close': 2230}]","[{'open': 1500, 'close': 2200}]",0,0,0,2,0,0,0,0,2,[],[],[],"[{'uuid': '695be4df-8656-4070-9ecb-5d2c90bf0e19', 'display_name': 'Zack', 'type': 'PERSON', 'number_of_recommendations': 1}]",[],[],[],[],"[{'uuid': '695be4df-8656-4070-9ecb-5d2c90bf0e19', 'display_name': 'Zack', 'type': 'PERSON', 'number_of_recommendations': 1}]"
3982586,B. Rashidi,2024-04-25T18:20:55.767824,City Bakery,"West Elm Street, 185, Chicago, US, 60302.",Chicago,US,"cake_shop, eatery",41.8795255,-87.6244212,0,0,4,https://maps.google.com/?cid=4675861920270098402,24593217,569,"[{'open': 1, 'close': 1}]","[{'open': 1, 'close': 1}]","[{'open': 1, 'close': 1}]","[{'open': 1, 'close': 1}]","[{'open': 1, 'close': 1}]","[{'open': 1, 'close': 1}]","[{'open': 1, 'close': 1}]",0,0,0,2,0,1,0,0,1,[],[],[],"[{'uuid': 'd26e9389-257c-4516-b58b-d4c2ee34070f', 'display_name': 'Reza', 'type': 'PERSON', 'number_of_recommendations': 1}]",[],"[{'uuid': 'c6629019-8983-4b3c-bf20-1c708f343602', 'display_name': 'Sara', 'type': 'PERSON', 'number_of_recommendations': 1}]",[],[],"[{'uuid': '5e27dbcf-18d2-4191-9f35-6a4e2a3039e7', 'display_name': 'Amir', 'type': 'PERSON', 'number_of_recommendations': 1}]"
4589621,B. Sadiq,2024-06-15T02:23:40.218259,Resonance,"East 20th Street, 256, San Francisco, US, 94103.",San Francisco,US,"pub, concert_hall",37.7609,-122.435063,0,0,8,https://maps.google.com/?cid=1488355712167853147,24786431,388,"[{'open': 0, 'close': 30}, {'open': 1800, 'close': 2300}]","[{'open': 0, 'close': 30}, {'open': 1800, 'close': 2300}]","[{'open': 0, 'close': 30}, {'open': 1800, 'close': 2300}]","[{'open': 0, 'close': 30}, {'open': 1800, 'close': 2300}]","[{'open': 0, 'close': 30}, {'open': 1800, 'close': 2400}]","[{'open': 0, 'close': 30}, {'open': 1800, 'close': 2400}]","[{'open': 1800, 'close': 2300}, {'open': 0, 'close': 30}]",0,0,0,2,3,0,1,0,2,[],[],[],"[{'uuid': '675de2df-8968-4e47-8fda-5f2c90bf1d30', 'display_name': 'John', 'type': 'PERSON', 'number_of_recommendations': 1}]","[{'uuid': '15ae6dec-7b30-4244-a78b-4d9fc6a66d68', 'display_name': 'Talia', 'type': 'PERSON', 'number_of_recommendations': 2}]",[],"[{'uuid': '96b9b40e-76fd-4c3e-bb9b-4e9c6bfdc456', 'display_name': 'Mike', 'type': 'PERSON', 'number_of_recommendations': 1}]",[],"[{'uuid': '675de2df-8968-4e47-8fda-5f2c90bf1d30', 'display_name': 'John', 'type': 'PERSON', 'number_of_recommendations': 1}, {'uuid': '47bc6dae-8c21-4245-a75a-4d9fc7a69d68', 'display_name': 'Jake', 'type': 'PERSON', 'number_of_recommendations': 1}]"
7413268,L. Browning,2022-04-27T04:32:43.897482,The Eastgate,"East 10th Street, 815, Los Angeles, US, 90021.",Los Angeles,US,bar,34.040014,-118.237761,0,0,3,https://maps.google.com/?cid=13428295864845738888,27603895,282,[],[],"[{'open': 1600, 'close': 2200}]","[{'open': 1600, 'close': 2200}]","[{'open': 1600, 'close': 2300}]","[{'open': 1130, 'close': 1430}, {'open': 1600, 'close': 2300}]","[{'open': 1130, 'close': 1600}]",0,0,0,1,1,0,0,0,1,[],[],[],"[{'uuid': '8197dbc1-88ad-4f6b-907e-852401fbd15c', 'display_name': 'Liam', 'type': 'PERSON', 'number_of_recommendations': 1}]","[{'uuid': 'f207495e-76b6-4342-8a9a-741b8b5ab057', 'display_name': 'Ethan', 'type': 'PERSON', 'number_of_recommendations': 1}]",[],[],[],"[{'uuid': '8197dbc1-88ad-4f6b-907e-852401fbd15c', 'display_name': 'Liam', 'type': 'PERSON', 'number_of_recommendations': 1}]"
3256124,Ben,2024-10-22T18:14:15.925819,Kura,"West 25th Street, 234, San Francisco, US, 94103",San Francisco,US,cafe,37.7261807,-122.4789261,0,0,2,https://maps.google.com/?cid=37867250472527304862,26902152,336,"[{'open': 900, 'close': 1800}]","[{'open': 900, 'close': 1800}]","[{'open': 900, 'close': 1800}]","[{'open': 900, 'close': 1800}]","[{'open': 900, 'close': 1900}]","[{'open': 1000, 'close': 1900}]",[],0,0,0,0,0,1,1,0,0,[],[],[],[],[],[],[],[],[]
7845296,John,2024-07-20T08:22:30.456782,Cafe Rozella,"Broadway Street, 221, San Francisco, US, 94133.",San Francisco,US,"cafe, bakery",37.7988534,-122.4075502,0,0,3,https://maps.google.com/?cid=14528926314502848294,29002384,137,"[{'open': 700, 'close': 2100}]","[{'open': 700, 'close': 2100}]","[{'open': 700, 'close': 2100}]","[{'open': 700, 'close': 2100}]","[{'open': 700, 'close': 2100}]","[{'open': 700, 'close': 2100}]","[{'open': 700, 'close': 2100}]",0,0,0,0,1,1,1,0,0,[],[],[],[],[],[],[],[],[]
7142857,B. Mehrabani,2024-09-14T19:17:39.457421,Maison de la Truffe,"Square Thiers, 16, Paris, FR, 75116.",Paris,FR,bistro,48.865633,2.321236,0,0,13,https://maps.google.com/?cid=17614879327853981419,26174892,102,"[{'open': 1200, 'close': 2300}]","[{'open': 1200, 'close': 2300}]","[{'open': 1200, 'close': 2300}]","[{'open': 1200, 'close': 2300}]","[{'open': 1200, 'close': 2400}]","[{'open': 1200, 'close': 2400}]","[{'open': 1200, 'close': 2300}]",2,1,0,0,5,1,3,1,2,[],[],[],[],[],[],"[{'uuid': '784ad7fc-1812-4500-9e3d-5d5f91a52054', 'display_name': 'Fatemeh', 'type': 'PERSON', 'number_of_recommendations': 1}]",[],"[{'uuid': '784ad7fc-1812-4500-9e3d-5d5f91a52054', 'display_name': 'Fatemeh', 'type': 'PERSON', 'number_of_recommendations': 1}]"
769543,Emma,2022-11-08T16:30:05.785430,Luigi's Authentic Pasta Italian Cuisine,"Queen Victoria Street, 34B, London, UK, EC4N 4SJ.",London,UK,italian restaurant,51.5118,-0.0906,0,0,45,https://maps.google.com/?cid=16253597656945298451,12057430,771,"[{'open': 1100, 'close': 2300}]","[{'open': 1100, 'close': 2300}]","[{'open': 1100, 'close': 2300}]","[{'open': 1100, 'close': 2300}]","[{'open': 1100, 'close': 2300}]","[{'open': 1300, 'close': 2300}]","[{'open': 1300, 'close': 2200}]",0,0,0,0,0,0,0,0,0,[],[],[],[],[],[],[],[],[]
8730152,B. Johnson,2026-07-17T19:00:15.015727,Bistro Paris,"Rue de Rivoli, 78, Paris, FR, 75001.",Paris,FR,bistro,48.859,2.352,0,0,92,https://maps.google.com/?cid=20451234735001088580,70190560,336,"[{'open': 900, 'close': 2300}]","[{'open': 900, 'close': 2300}]","[{'open': 900, 'close': 2300}]","[{'open': 900, 'close': 2300}]","[{'open': 900, 'close': 2300}]","[{'open': 1000, 'close': 2300}]","[{'open': 1000, 'close': 2300}]",0,0,0,50,0,10,8,0,15,[],[],[],"[{'uuid': '558d879e-3240-4d9b-b191-856153f1535e', 'display_name': 'Amelia', 'type': 'PERSON', 'number_of_recommendations': 1}, {'uuid': '827d5ab4-f2f1-460a-86f2-1810b31c1fa1', 'display_name': 'Charles', 'type': 'PERSON', 'number_of_recommendations': 3}, {'uuid': 'b8349379-f563-4a69-a776-a006c84509ee', 'display_name': 'Linda', 'type': 'PERSON', 'number_of_recommendations': 1}]",[],"[{'uuid': '827d5ab4-f2f1-460a-86f2-1810b31c1fa1', 'display_name': 'Charles', 'type': 'PERSON', 'number_of_recommendations': 1}, {'uuid': '4e5f8eb1-b5f6-4fc7-8259-a861f695f58f', 'display_name': 'Joseph', 'type': 'PERSON', 'number_of_recommendations': 1}]","[{'uuid': '349d897d-1dd7-4b8d-af78-144be8599ef8', 'display_name': 'Isabella', 'type': 'PERSON', 'number_of_recommendations': 1}]",[],"[{'uuid': '396ce6df-7558-4036-9eda-4d3b90bf0d30', 'display_name': 'William', 'type': 'PERSON', 'number_of_recommendations': 1}, {'uuid': '349d897d-1dd7-4b8d-af78-144be8599ef8', 'display_name': 'Isabella', 'type': 'PERSON', 'number_of_recommendations': 1}, {'uuid': 'cd7f9ba7-c387-416f-82fe-981001de4f43', 'display_name': 'Oliver', 'type': 'PERSON', 'number_of_recommendations': 1}]"
6253210,Chloe,2022-07-11T12:30:45.738992,Barista's Delight,"Broadway, 2050, New York, US, 10002.",New York,US,cafe,40.712776,-74.005974,0,0,15,https://maps.google.com/?cid=17984436457953753926,21089275,282,"[{'open': 500, 'close': 1100}, {'open': 1400, 'close': 2100}]","[{'open': 500, 'close': 1100}, {'open': 1400, 'close': 2100}]","[{'open': 500, 'close': 1100}, {'open': 1400, 'close': 2100}]","[{'open': 500, 'close': 1100}, {'open': 1400, 'close': 2100}]","[{'open': 500, 'close': 1100}, {'open': 1400, 'close': 2100}]","[{'open': 600, 'close': 1200}, {'open': 1400, 'close': 2000}]","[{'open': 600, 'close': 1200}, {'open': 1400, 'close': 2000}]",2,1,0,3,3,2,2,1,1,[],[],[],[],[],[],[],[],[]
78943,B. Flint,2024-06-15T15:30:30.858215,Morales Cafe & Bistro,"Morales Street, 235, Rome, IT, 00187",Rome,IT,cafe,41.9047,12.4964,0,0,3,https://maps.google.com/?cid=13581239127810537470,20960472,102,"[{'open': 1300, 'close': 2300}]","[{'open': 1300, 'close': 2300}]","[{'open': 1300, 'close': 2300}]","[{'open': 1300, 'close': 2300}]","[{'open': 1200, 'close': 2400}]","[{'open': 1200, 'close': 2400}]","[{'open': 1200, 'close': 2300}]",0,0,0,0,0,1,0,1,1,[],[],[],[],[],"[{'uuid': '730ac6f8-4a33-4857-8d9a-c7b6defa3342', 'display_name': 'Sophia', 'type': 'PERSON', 'number_of_recommendations': 1}]",[],[],"[{'uuid': '2449ea9b-3bdb-4b08-8b62-5d31ea1a3cb7', 'display_name': 'John', 'type': 'PERSON', 'number_of_recommendations': 1}]"
9274631,Emily,2024-05-25T18:47:00.974890,Bistro Bruxelles,"Avenue de la Chasse, 78B, Brussels, BE, 1040.",Brussels,BE,cafe,50.8391452,4.3738976,0,0,2,https://maps.google.com/?cid=9256977029512278919,24930852,334,[],"[{'open': 1800, 'close': 2200}]","[{'open': 1800, 'close': 2200}]","[{'open': 1800, 'close': 2200}]","[{'open': 1800, 'close': 2300}]","[{'open': 1800, 'close': 2300}]",[],0,0,0,0,0,0,0,1,1,[],[],[],[],[],[],[],[],[]
2384720,Mia,2025-07-10T15:45:22.679100,Parisian Bistro,"Saint Martine, 20, Paris, FR, 75009.",Paris,FR,"restaurant, nightlife, bar",48.884831,2.341038,0,0,13,https://maps.google.com/?cid=19380404555752389741,24689107,137,"[{'open': 900, 'close': 2000}]","[{'open': 900, 'close': 2000}]","[{'open': 900, 'close': 2000}]","[{'open': 900, 'close': 2000}]","[{'open': 900, 'close': 2200}]","[{'open': 1000, 'close': 2200}]","[{'open': 1000, 'close': 2000}]",0,0,0,0,0,0,0,0,0,[],[],[],[],[],[],[],[],[]
383762,B. Greenberg,2024-03-17T19:13:45.241569,Burger Joint,"Central Square, 44E, New York, US, 10010.",New York,US,fast food,40.712776,-74.005974,0,0,257,https://maps.google.com/?cid=1190308589064976278,65782984,334,"[{'open': 1000, 'close': 2100}]","[{'open': 1000, 'close': 2100}]","[{'open': 1000, 'close': 2100}]","[{'open': 1000, 'close': 2100}]","[{'open': 1000, 'close': 2100}]","[{'open': 1000, 'close': 2100}]","[{'open': 1200, 'close': 2000}]",0,0,0,150,0,0,5,79,0,[],[],[],"[{'uuid': '74bf911b-6a5a-4a07-8a6b-5a1b3ec11c78', 'display_name': 'Eric', 'type': 'PERSON', 'number_of_recommendations': 2}, {'uuid': '9bfe908e-6c2d-4732-a0c0-e31906be131f', 'display_name': 'Samuel', 'type': 'PERSON', 'number_of_recommendations': 1}]",[],[],"[{'uuid': '5e6ea519-dc67-468c-a423-c7a0ec826769', 'display_name': 'Benjamin', 'type': 'PERSON', 'number_of_recommendations': 1}]","[{'uuid': '74bf911b-6a5a-4a07-8a6b-5a1b3ec11c78', 'display_name': 'Eric', 'type': 'PERSON', 'number_of_recommendations': 1}, {'uuid': 'd0b6c3f3-bb9e-4a61-8d9c-caf6b941c3e4', 'display_name': 'Jack', 'type': 'PERSON', 'number_of_recommendations': 1}, {'uuid': '5e6ea519-dc67-468c-a423-c7a0ec826769', 'display_name': 'Benjamin', 'type': 'PERSON', 'number_of_recommendations': 1}]",[]
3894251,D. Salazar,2024-05-21T09:32:31.647108,Seven Berries,"Broadway Street, 24, Yates County, US, 14527.",Yates County,US,"cafe, deli",42.6606,-77.0537,0,0,3,https://maps.google.com/?cid=18970736546980178112,621947233,282,"[{'open': 700, 'close': 2200}]","[{'open': 700, 'close': 2200}]","[{'open': 700, 'close': 2200}]","[{'open': 700, 'close': 2200}]","[{'open': 700, 'close': 2200}]","[{'open': 700, 'close': 2200}]","[{'open': 700, 'close': 2200}]",0,0,0,0,1,0,0,0,1,[],[],[],[],[],[],[],[],"[{'uuid': '378bd1e2-6931-4f56-9db4-868c403b7017', 'display_name': 'Carlos', 'type': 'PERSON', 'number_of_recommendations': 1}]"
3278730,J. Abram,2024-08-21T02:44:36.576322,Le Baguette,"West Ashland Street, 240, Chicago, US, 60622.",Chicago,US,"bakery, cafe",41.89607,-87.670194,0,0,3,https://maps.google.com/?cid=9372635286769275230,253367232,102,"[{'open': 700, 'close': 2300}]","[{'open': 700, 'close': 2300}]","[{'open': 700, 'close': 2300}]","[{'open': 700, 'close': 2300}]","[{'open': 0, 'close': 300}, {'open': 700, 'close': 2300}]","[{'open': 0, 'close': 400}, {'open': 700, 'close': 2300}]","[{'open': 700, 'close': 2300}, {'open': 0, 'close': 400}]",0,0,0,0,0,1,1,0,1,[],[],[],[],[],"[{'uuid': '303ad3bs-6193-4647-4cda-3d3k98ap0d33', 'display_name': 'Kyle', 'type': 'PERSON', 'number_of_recommendations': 1}]",[],[],"[{'uuid': '780fd2mm-1243-5783-hfkc-2r4e65tb9s24', 'display_name': 'Lana', 'type': 'PERSON', 'number_of_recommendations': 2}]"
7258941,D. Elsuwe,2024-01-15T15:35:47.128912,Lumiere,"1600 Amphitheatre Parkway, Mountain View, CA, 94043, USA.",Mountain View,USA,restaurant,37.422,-122.084,0,0,4,https://maps.google.com/?cid=13074277684033788973,762193056,336,[],[],[],[],[],[],[],0,0,0,1,0,0,2,0,1,[],[],[],"[{'uuid': '7f993136-1a3d-4d27-b995-d9390c24d5b2', 'display_name': 'Jensen', 'type': 'PERSON', 'number_of_recommendations': 1}]",[],[],"[{'uuid': '584dc1af-7368-4397-b721-4a3b38af0c18', 'display_name': 'Nina', 'type': 'PERSON', 'number_of_recommendations': 1}, {'uuid': '28bc8eac-7b10-4564-b63b-2d2fc4b72d48', 'display_name': 'Yara', 'type': 'PERSON', 'number_of_recommendations': 1}]",[],"[{'uuid': '534ce3cf-3453-4227-8fda-3b3b20af0d19', 'display_name': 'Mila', 'type': 'PERSON', 'number_of_recommendations': 1}]"
839572,B. Johnson,2024-04-08T13:45:23.516214,La Pergola,"Via del Corso, 75, Rome, IT, 00186.",Rome,IT,restaurant,41.9028,12.4964,0,0,105,https://maps.google.com/?cid=81539755103276541,671302876,334,"[{'open': 700, 'close': 2300}]","[{'open': 700, 'close': 2300}]","[{'open': 700, 'close': 2300}]","[{'open': 700, 'close': 2300}]","[{'open': 700, 'close': 2300}]","[{'open': 700, 'close': 2300}]","[{'open': 700, 'close': 2300}]",0,0,0,65,0,20,10,10,0,[],[],[],"[{'uuid': '734ad2ea-6167-4d6b-95b9-6c52f9ab3c10', 'display_name': 'Carla', 'type': 'PERSON', 'number_of_recommendations': 7}]",[],"[{'uuid': '734ad2ea-6167-4d6b-95b9-6c52f9ab3c10', 'display_name': 'Carla', 'type': 'PERSON', 'number_of_recommendations': 13}]","[{'uuid': '734ad2ea-6167-4d6b-95b9-6c52f9ab3c10', 'display_name': 'Carla', 'type': 'PERSON', 'number_of_recommendations': 5}]","[{'uuid': '734ad2ea-6167-4d6b-95b9-6c52f9ab3c10', 'display_name': 'Carla', 'type': 'PERSON', 'number_of_recommendations': 5}]",[]
3562891,J. Smith,2024-09-07T18:33:45.785736,Leo's Deli San Francisco Downtown,"Fisherman's Wharf, 300, San Francisco, US, 94113 CA.",San Francisco,US,"deli, grocery, cafe, store",37.8083006,-122.4171043,0,0,210,https://maps.google.com/?cid=8754337198629056001,785392714,282,"[{'open': 700, 'close': 1900}]","[{'open': 700, 'close': 1900}]","[{'open': 700, 'close': 1900}]","[{'open': 700, 'close': 1900}]","[{'open': 700, 'close': 1900}]","[{'open': 800, 'close': 1900}]","[{'open': 800, 'close': 1900}]",0,0,0,0,3,0,0,0,0,[],[],[],[],"[{'uuid': '885b03ff-4323-4873-a383-1f8573f41120', 'display_name': 'Emily', 'type': 'PERSON', 'number_of_recommendations': 1}]",[],[],[],[]
3976205,Jen,2024-07-15T18:52:15.590963,Bistro Quenelle,"Main St, 25 B, New York, US, 12345.",New York,US,bistro,40.7127753,-74.0059728,0,0,81,https://maps.google.com/?cid=16987905035996520467,685014935,569,"[{'open': 900, 'close': 200}, {'open': 1300, 'close': 2400}]","[{'open': 900, 'close': 200}, {'open': 1300, 'close': 2400}]","[{'open': 900, 'close': 200}, {'open': 1300, 'close': 2400}]","[{'open': 900, 'close': 200}, {'open': 1300, 'close': 2400}]","[{'open': 900, 'close': 200}, {'open': 1300, 'close': 2650}]","[{'open': 900, 'close': 400}, {'open': 1300, 'close': 2700}]","[{'open': 1100, 'close': 2400}, {'open': 0, 'close': 400}]",0,0,0,0,0,0,0,0,0,[],[],[],[],[],[],[],[],[]
3952078,Daniel,2022-10-12T08:23:40.282462,Bistro Francais,"Rue des Moulins, 78, Paris, FR, 75001.",Paris,FR,"cafe, bistro",48.8619854,2.3357837,0,0,85,https://maps.google.com/?cid=74828421920371558942,695993210,569,"[{'open': 100, 'close': 230}, {'open': 1300, 'close': 2200}]","[{'open': 100, 'close': 230}, {'open': 1300, 'close': 2200}]","[{'open': 100, 'close': 230}, {'open': 1300, 'close': 2200}]","[{'open': 100, 'close': 230}, {'open': 1300, 'close': 2200}]","[{'open': 100, 'close': 300}, {'open': 1400, 'close': 2200}]","[{'open': 0, 'close': 200}, {'open': 1100, 'close': 2300}]","[{'open': 1300, 'close': 2200}, {'open': 0, 'close': 300}]",0,0,0,0,0,0,0,0,0,[],[],[],[],[],[],[],[],[]
4543218,Mike,2024-06-11T09:55:18.525168,Bistro El Sol,"Calle, 5 B, Barcelona, ES, 08013.",Barcelona,ES,bistro,41.3850639,2.1734035,0,0,32,https://maps.google.com/?cid=18025321234984521458,685962314,558,"[{'open': 0, 'close': 200}, {'open': 900, 'close': 2300}]","[{'open': 0, 'close': 200}, {'open': 900, 'close': 2300}]","[{'open': 0, 'close': 200}, {'open': 900, 'close': 2300}]","[{'open': 0, 'close': 200}, {'open': 900, 'close': 2300}]","[{'open': 0, 'close': 200}, {'open': 900, 'close': 2300}]","[{'open': 0, 'close': 300}, {'open': 900, 'close': 2300}]","[{'open': 900, 'close': 2300}, {'open': 0, 'close': 300}]",0,0,0,1,0,0,0,0,0,[],[],[],[],[],[],[],[],[]
7469621,Rebecca,2024-09-28T19:23:41.752483,Go Green Vegan Cafe,"Calle Flor Alta, 8, Madrid, ES, 28004",Madrid,ES,cafe,40.4232151,-3.6979478,0,0,15,https://maps.google.com/?cid=12983972144584956213,394727698,102,"[{'open': 1330, 'close': 1800}, {'open': 2000, 'close': 2400}]","[{'open': 1330, 'close': 1800}, {'open': 2000, 'close': 2400}]","[{'open': 1330, 'close': 1800}, {'open': 2000, 'close': 2400}]","[{'open': 1330, 'close': 1800}, {'open': 2000, 'close': 2400}]","[{'open': 1330, 'close': 1800}, {'open': 2000, 'close': 2400}]","[{'open': 1330, 'close': 1800}, {'open': 2000, 'close': 2400}]","[{'open': 1330, 'close': 1800}, {'open': 2000, 'close': 2400}]",0,0,0,0,0,0,0,0,0,[],[],[],[],[],[],[],[],[]
7538421,John,2024-08-30T15:15:21.128734,OceanView,"Broadway Avenue, 278, San Francisco, US, 94112.",San Francisco,US,cafe,37.77493,-122.41942,0,0,19,https://maps.google.com/?cid=68732137543218724,832091562,771,"[{'open': 700, 'close': 1230}, {'open': 1400, 'close': 2300}]","[{'open': 1500, 'close': 2300}]","[{'open': 1400, 'close': 2300}]","[{'open': 1400, 'close': 2300}]","[{'open': 800, 'close': 2300}]","[{'open': 700, 'close': 1230}, {'open': 1600, 'close': 2300}]","[{'open': 1600, 'close': 2300}, {'open': 0, 'close': 1230}]",0,0,0,0,0,0,0,0,0,[],[],[],[],[],[],[],[],[]
2941756,K. Johnson,2024-10-23T10:34:21.532428,Del Mar Sushi,"Mission Avenue, 79, San Diego, US, 92101.",San Diego,US,sushi bar,32.7080946,-117.1606392,0,0,2,https://maps.google.com/?cid=95672419427684125789,846157363,771,"[{'open': 1300, 'close': 2300}]","[{'open': 1300, 'close': 2300}]","[{'open': 1300, 'close': 2300}]","[{'open': 1300, 'close': 2300}]","[{'open': 1300, 'close': 2300}]","[{'open': 1300, 'close': 2300}]","[{'open': 1300, 'close': 2300}]",0,0,0,0,1,0,0,0,1,[],[],[],[],[],[],[],[],"[{'uuid': '873de2ca-9664-4695-b930-11b4f76bd30e', 'display_name': 'Brian', 'type': 'PERSON', 'number_of_recommendations': 2}]"
4632721,Ben,2024-07-15T11:41:02.782645,Umami Burger,"West Randolph Street, 91, Chicago, US, 60606.",Chicago,US,burger joint,41.8846551,-87.6482707,0,0,2,https://maps.google.com/?cid=2417387918457292721,362947821,207,"[{'open': 1100, 'close': 2300}]","[{'open': 1100, 'close': 2300}]","[{'open': 1100, 'close': 2300}]","[{'open': 1100, 'close': 2300}]","[{'open': 1100, 'close': 2400}]","[{'open': 1100, 'close': 2400}]","[{'open': 1100, 'close': 2200}]",0,0,0,0,0,1,0,0,1,[],[],[],[],[],['Ben'],[],[],['Ben']
8291753,D. Johnson,2022-11-01T09:12:45.391432,Luna Lounge,"Park Street, 23, London, UK, SE1 9AB.",London,UK,cafe,51.5054803,-0.0855232,0,0,47,https://maps.google.com/?cid=10133274067328136205,982774282,558,[],"[{'open': 1600, 'close': 2200}]","[{'open': 1600, 'close': 2300}]","[{'open': 1400, 'close': 2300}]","[{'open': 1300, 'close': 2400}]","[{'open': 1200, 'close': 2400}]","[{'open': 1200, 'close': 2100}]",0,0,0,0,0,0,0,0,9,[],[],[],[],[],[],[],[],"[{'uuid': '14ea189c-a9f2-4a7f-b118-c68f3322ceb2', 'display_name': 'Christian', 'type': 'PERSON', 'number_of_recommendations': 1}, {'uuid': '677de3cb-1729-4097-8bda-8d8b90bf2e21', 'display_name': 'Ella', 'type': 'PERSON', 'number_of_recommendations': 1}]"
11938765,B. Johnson,2024-05-10T11:32:00.349735,The Singing Chicken,"Eastern Street, 235, London, UK, 5235 LN.",London,UK,restaurant,51.509865,-0.118092,0,0,152,https://maps.google.com/?cid=15483044569508445678,392567895,569,"[{'open': 100, 'close': 200}, {'open': 1000, 'close': 2300}]","[{'open': 100, 'close': 200}, {'open': 1000, 'close': 2300}]","[{'open': 100, 'close': 200}, {'open': 1030, 'close': 2300}]","[{'open': 100, 'close': 200}, {'open': 1030, 'close': 2300}]","[{'open': 100, 'close': 200}, {'open': 1000, 'close': 2300}]","[{'open': 0, 'close': 400}, {'open': 1030, 'close': 2300}]","[{'open': 1100, 'close': 2300}, {'open': 0, 'close': 400}]",0,0,0,0,0,0,0,0,55,[],[],[],[],[],[],[],[],"[{'uuid': '839ce3fy-9567-5049-9eda-5q2n12af5s82', 'display_name': 'Emma', 'type': 'PERSON', 'number_of_recommendations': 3}, {'uuid': 'fhd2360x-3eec-55f2-9751-7628d641d456', 'display_name': 'Tom', 'type': 'PERSON', 'number_of_recommendations': 2}]"
7693024,Sarah,2024-03-01T17:52:45.765234,Cafe Nova,"Elm Street, 123bs, Chicago, US, 21373 JQ.",Chicago,US,cafe,41.891129,-87.635926,0,0,0,https://maps.google.com/?cid=98840230982265231,598028490,282,[],"[{'open': 900, 'close': 2000}]","[{'open': 900, 'close': 2000}]","[{'open': 900, 'close': 2000}]","[{'open': 900, 'close': 2000}]","[{'open': 1000, 'close': 2200}]",[],0,0,0,0,0,0,0,0,0,[],[],[],[],[],[],[],[],[]
123457,Ravi,2025-01-11T12:23:45.735274,Blue Bistro,"25 Silver Lane, Sydney, AUS, 2000.",Sydney,AUS,restaurant,-33.86882,151.20929,0,0,55,https://maps.google.com/?cid=1234782319231923829,649273278,558,"[{'open': 100, 'close': 220}, {'open': 1200, 'close': 2400}]","[{'open': 100, 'close': 220}, {'open': 1200, 'close': 2400}]","[{'open': 100, 'close': 220}, {'open': 1200, 'close': 2400}]","[{'open': 100, 'close': 220}, {'open': 1200, 'close': 2400}]","[{'open': 100, 'close': 220}, {'open': 1200, 'close': 2400}]","[{'open': 100, 'close': 220}, {'open': 1200, 'close': 2400}]","[{'open': 1200, 'close': 2400}, {'open': 100, 'close': 220}]",0,0,0,0,0,0,0,0,0,[],[],[],[],[],[],[],[],[]
8754621,B. Smith,2024-11-14T19:44:45.023719,Per Se,"Columbus Circle, 10, New York, US, 10019.",New York,US,cafe,40.768186,-73.9824534,0,0,20,https://maps.google.com/?cid=18437891765029901551,23062755,334,[],"[{'open': 1800, 'close': 2400}]","[{'open': 1800, 'close': 2400}]","[{'open': 1800, 'close': 2400}]","[{'open': 1800, 'close': 2400}]","[{'open': 1800, 'close': 2400}]",[],0,0,0,8,0,0,6,0,6,[],[],[],"[{'uuid': '692de4df-9786-4127-9fca-5d3b60fb0321', 'display_name': 'Bob', 'type': 'PERSON', 'number_of_recommendations': 4}]",[],[],"[{'uuid': '692de4df-9786-4127-9fca-5d3b60fb0321', 'display_name': 'Bob', 'type': 'PERSON', 'number_of_recommendations': 1}]",[],"[{'uuid': '692de4df-9786-4127-9fca-5d3b60fb0321', 'display_name': 'Bob', 'type': 'PERSON', 'number_of_recommendations': 2}]"
809053,M. Sutton,2022-07-10T16:15:40.395180,Grill King Llc.,"Haverhill Road, 182, New York, US, 99883.",New York,US,restaurant,40.712776,-74.005974,50,10,500,https://maps.google.com/?cid=14317286830809176315,14158220,558,"[{'open': 500, 'close': 1700}, {'open': 1800, 'close': 2300}]","[{'open': 500, 'close': 1700}, {'open': 1800, 'close': 2300}]","[{'open': 500, 'close': 1700}, {'open': 1800, 'close': 2300}]","[{'open': 500, 'close': 1700}, {'open': 1800, 'close': 2300}]","[{'open': 500, 'close': 1700}, {'open': 1800, 'close': 2300}]","[{'open': 500, 'close': 2100}, {'open': 2200, 'close': 2300}]","[{'open': 600, 'close': 2000}, {'open': 2100, 'close': 2300}]",50,25,30,70,80,60,70,50,65,[],[],[],"[{'uuid': '9g6ro67h-f23g-3k61-ct19-95c4836021d1', 'display_name': 'John', 'type': 'PERSON', 'number_of_recommendations': 15}, {'uuid': '0c04b6c0-l5i6-4565-0r1d-12ee57880c2i', 'display_name': 'David', 'type': 'PERSON', 'number_of_recommendations': 5}, {'uuid': 'pdc1263g-3eec-34c2-7731-8415d84u986h', 'display_name': 'Steve', 'type': 'PERSON', 'number_of_recommendations': 10}, {'uuid': 'xb7531c1-aa06-502r-29a0-178272ctrl9x', 'display_name': 'Jennifer', 'type': 'PERSON', 'number_of_recommendations': 40}]","[{'uuid': '75b8b60c-25fd-2c3d-ib9k-1s9c5bfdcd61', 'display_name': 'Robert', 'type': 'PERSON', 'number_of_recommendations': 40}]","[{'uuid': '75b8k61c-27we-2c3d-ib9k-1s9c5bfdcd80', 'display_name': 'Rubin', 'type': 'PERSON', 'number_of_recommendations': 30}]",[],[],"[{'uuid': '073cf5cf-7539-4045-9ed0-3d3n90af0d36', 'display_name': 'Oliver', 'type': 'PERSON', 'number_of_recommendations': 35}, {'uuid': '35b66dac-9b20-4244-a74a-3d8fc6a62d28', 'display_name': 'Ethan', 'type': 'PERSON', 'number_of_recommendations': 30}]"
5823947,Bella,2024-01-18T20:25:24.564836,Horizon Bistro & Cafe,"Lynchet Close, Brighton, UK, BN1 7FR.",Brighton,UK,"cafe, bistro",50.845669,-0.146974,0,0,8,https://maps.google.com/?cid=9978239823915839821,56782134,558,"[{'open': 700, 'close': 2300}]","[{'open': 100, 'close': 0}, {'open': 700, 'close': 2300}]","[{'open': 100, 'close': 0}, {'open': 700, 'close': 2300}]","[{'open': 100, 'close': 0}, {'open': 700, 'close': 2300}]","[{'open': 200, 'close': 0}, {'open': 800, 'close': 2300}]","[{'open': 200, 'close': 0}, {'open': 800, 'close': 2400}]","[{'open': 800, 'close': 2300}, {'open': 100, 'close': 200}]",0,0,0,0,0,0,0,0,0,[],[],[],[],[],[],[],[],[]
5720489,D. Smithson,2022-12-03T07:05:52.001978,Oaxaca Grill,"North High Street, 403, Columbus, US, 43202.",Columbus,US,mexican restaurant,39.983334,-82.998794,0,0,2,https://maps.google.com/?cid=5720489516453821486,98763265,771,"[{'open': 1100, 'close': 2300}]","[{'open': 1100, 'close': 2300}]","[{'open': 1100, 'close': 2300}]","[{'open': 1100, 'close': 2300}]","[{'open': 1100, 'close': 2300}]","[{'open': 1100, 'close': 2300}]","[{'open': 1100, 'close': 2300}]",0,0,0,0,0,1,0,1,0,[],[],[],[],[],"[{'uuid': '7fae2cdf-4e10-4242-9061-9f8d5a70cb36', 'display_name': 'Jack', 'type': 'PERSON', 'number_of_recommendations': 1}]",[],"[{'uuid': 'fade482d-2db2-48d5-b867-da3b6a923776', 'display_name': 'David', 'type': 'PERSON', 'number_of_recommendations': 1}]",[]
5862002,J. Richardson,2024-06-25T18:25:42.111258,Tapenade,"Elm St, 1523, Chicago, US, 60611",Chicago,US,cafe,41.9035,-87.6645,0,0,1,https://maps.google.com/?cid=2118291234212598612,21896030,336,"[{'open': 700, 'close': 1100}, {'open': 1200, 'close': 2300}]","[{'open': 700, 'close': 1100}, {'open': 1200, 'close': 2300}]","[{'open': 700, 'close': 1100}, {'open': 1200, 'close': 2300}]","[{'open': 700, 'close': 1100}, {'open': 1200, 'close': 2400}]","[{'open': 700, 'close': 1100}, {'open': 1300, 'close': 2400}]","[{'open': 800, 'close': 2400}]","[{'open': 800, 'close': 2300}]",0,0,0,0,0,1,0,0,0,[],[],[],[],[],"[{'uuid': '21be6a5e-7d3b-44be-91b8-8de7fc9a3bc6', 'display_name': 'Emily', 'type': 'PERSON', 'number_of_recommendations': 1}]",[],[],[]
482671,B. Firouz,2024-10-15T09:30:25.123670,Burton's,"Prins Hendrikkade, 43, Rotterdam, NL, 3011 AA.",Rotterdam,NL,cafe,51.922892,4.484462,0,0,10,https://maps.google.com/?cid=8681626712562819126,17972590,207,"[{'open': 1800, 'close': 2300}]","[{'open': 1800, 'close': 2300}]","[{'open': 1800, 'close': 2300}]","[{'open': 1800, 'close': 2300}]","[{'open': 1800, 'close': 2330}]","[{'open': 1800, 'close': 2330}]","[{'open': 1730, 'close': 2230}]",0,0,0,0,0,0,3,0,2,[],[],[],[],[],[],"[{'uuid': '74acea1a-7620-4e6f-aad4-bd8d7679d213', 'display_name': 'Jaleh', 'type': 'PERSON', 'number_of_recommendations': 3}]",[],"[{'uuid': '9314ce2e-65ac-42e5-81d5-9ca61c347cad', 'display_name': 'Simin', 'type': 'PERSON', 'number_of_recommendations': 2}]"
3746547,D. Russo,2024-06-14T18:45:30.488317,Bistro Romano,"Avenue de Versailles, 131, Paris, FR, 75016.",Paris,FR,"cafe, bistro",48.8382681,2.258639,0,0,80,https://maps.google.com/?cid=10268581654726958765,23754689,569,"[{'open': 150, 'close': 250}, {'open': 1300, 'close': 2300}]","[{'open': 150, 'close': 250}, {'open': 1300, 'close': 2300}]","[{'open': 150, 'close': 250}, {'open': 1300, 'close': 2300}]","[{'open': 150, 'close': 250}, {'open': 1300, 'close': 2300}]","[{'open': 150, 'close': 250}, {'open': 1300, 'close': 2300}]","[{'open': 150, 'close': 350}, {'open': 1100, 'close': 2300}]","[{'open': 1300, 'close': 2300}, {'open': 150, 'close': 350}]",0,0,0,0,0,0,6,0,0,[],[],[],[],[],[],"[{'uuid': '684bd6ef-9479-4097-8b3a-5d6b018f1f22', 'display_name': 'Marco', 'type': 'PERSON', 'number_of_recommendations': 5}]",[],[]
3785562,John,2021-07-02T12:45:20.246712,Mamma's Pizzeria,"Baker Street, 45, London, UK, NW1 6RF.",London,UK,"pizzeria, eatery",51.5172782,-0.158123,0,0,45,https://maps.google.com/?cid=16599337546537129478,34528746,207,"[{'open': 1300, 'close': 2200}]","[{'open': 1300, 'close': 2200}]","[{'open': 1300, 'close': 2200}]","[{'open': 1400, 'close': 2200}]","[{'open': 1400, 'close': 2300}]","[{'open': 1400, 'close': 2300}]","[{'open': 1400, 'close': 2300}, {'open': 0, 'close': 100}]",0,0,0,0,0,0,0,0,0,[],[],[],[],[],[],[],[],[]
637391,B. Sutherland,2024-07-18T15:27:47.482901,Luigi's Pizzeria,"Main Street, 45, Aberdeen, UK, AB10 1QN.",Aberdeen,UK,pizza restaraunt,57.1498683,-2.0947451,10,5,14,https://maps.google.com/?cid=10147638126748369461,78231092,569,"[{'open': 1200, 'close': 2100}]","[{'open': 1200, 'close': 2100}]","[{'open': 1200, 'close': 2100}]","[{'open': 1200, 'close': 2100}]","[{'open': 1200, 'close': 2215}]","[{'open': 1200, 'close': 2215}]","[{'open': 1230, 'close': 2030}]",0,0,0,0,1,1,0,0,3,[],[],[],[],[],[],[],[],"[{'uuid': '495ce3cf-1207-5037-9eda-2e5c68gf3b31', 'display_name': 'Brad', 'type': 'PERSON', 'number_of_recommendations': 1}]"
4458743,Sophia,2023-09-12T17:24:48.780921,Pescatore Trattoria,"Main Boulevard, 321, Boston, US, 21099.",Boston,US,Italian Restaurant,42.3601,-71.0589,0,0,3,https://maps.google.com/?cid=2398765476273894202,15839283,569,"[{'open': 1130, 'close': 1500}, {'open': 1700, 'close': 2130}]","[{'open': 1130, 'close': 1500}, {'open': 1700, 'close': 2130}]","[{'open': 1130, 'close': 1500}, {'open': 1700, 'close': 2130}]","[{'open': 1130, 'close': 1500}, {'open': 1700, 'close': 2130}]","[{'open': 1130, 'close': 1500}, {'open': 1700, 'close': 2130}]","[{'open': 1100, 'close': 1500}, {'open': 1700, 'close': 2130}]","[{'open': 1100, 'close': 1400}, {'open': 1700, 'close': 2000}]",0,0,1,0,1,0,1,0,0,[],[],[],[],[],[],[],[],[]
1122334,Mark,2022-07-15T20:19:57.570594,Daily Diners,"Maple Ave, 123, Los Angeles, US, 90001.",Los Angeles,US,"bar, dinner",34.0522,-118.2437,0,0,7,https://maps.google.com/?cid=1688614528458109854,2557164,558,"[{'open': 900, 'close': 2100}]","[{'open': 900, 'close': 2100}]","[{'open': 900, 'close': 2100}]","[{'open': 900, 'close': 2100}]","[{'open': 900, 'close': 2300}]","[{'open': 900, 'close': 2300}]","[{'open': 900, 'close': 2100}]",0,0,0,0,0,0,0,0,0,[],[],[],[],[],[],[],[],[]
9271654,Jack,2023-09-27T18:38:09.745817,The Talking Tree,"Cermak Road, 201, Chicago, US, 60623",Chicago,US,bistro,41.8497651,-87.6826698,0,0,85,https://maps.google.com/?cid=13345076982048199954,82715005,558,"[{'open': 300, 'close': 1100}, {'open': 1200, 'close': 2300}]","[{'open': 400, 'close': 1100}, {'open': 1300, 'close': 2300}]","[{'open': 300, 'close': 1100}, {'open': 1300, 'close': 2300}]","[{'open': 400, 'close': 1100}, {'open': 1300, 'close': 2300}]","[{'open': 600, 'close': 1300}, {'open': 1400, 'close': 2300}]","[{'open': 500, 'close': 1200}, {'open': 1300, 'close': 2300}]","[{'open': 700, 'close': 1500}, {'open': 1600, 'close': 2300}]",0,0,0,0,0,0,0,0,0,[],[],[],[],[],[],[],[],[]
2984928,B. Montmorency,2024-05-27T15:59:22.315792,El Caballo Blanco,"Calle Castelló, 12, Madrid, ES, 28001.",Madrid,ES,cafe,40.4278967,-3.6838604,0,0,0,https://maps.google.com/?cid=13649007828377130963,24581542,137,"[{'open': 1400, 'close': 2200}]","[{'open': 1400, 'close': 2200}]","[{'open': 1000, 'close': 2200}]","[{'open': 1000, 'close': 2200}]","[{'open': 1000, 'close': 2200}]","[{'open': 1000, 'close': 2200}]","[{'open': 1000, 'close': 2200}]",0,0,0,0,0,0,0,0,0,[],[],[],[],[],[],[],[],[]
3939022,M. Samson,2023-11-25T20:13:29.503946,Trattoria La Bocca,"Via della Vigna Nuova, 47r, Florence, IT, 50123.",Florence,IT,"restaurant, traditional",43.7733783,11.2530158,10,5,56,https://maps.google.com/?cid=979832837394591549,20836735,102,"[{'open': 200, 'close': 1100}, {'open': 1300, 'close': 2400}]","[{'open': 200, 'close': 1100}, {'open': 1300, 'close': 2400}]","[{'open': 200, 'close': 1100}, {'open': 1300, 'close': 2400}]","[{'open': 200, 'close': 1100}, {'open': 1300, 'close': 2400}]","[{'open': 200, 'close': 1100}, {'open': 1400, 'close': 2400}]","[{'open': 300, 'close': 1100}, {'open': 1400, 'close': 2400}]","[{'open': 1300, 'close': 2400}, {'open': 200, 'close': 400}]",10,5,0,15,8,7,6,5,23,[],[],[],[],[],[],[],[],"[{'uuid': '6a315def-8983-484b-8ffd-9b707b8652c2', 'display_name': 'Marco', 'type': 'PERSON', 'number_of_recommendations': 2}, {'uuid': '9c320fc3-2858-4d8d-991d-4dd6c5f2f3c1', 'display_name': 'Rosa', 'type': 'PERSON', 'number_of_recommendations': 3}]"
3527816,Bella,2022-05-12T19:45:40.123456,Taverna di Portofino,"Via Roma, 73, Portofino, IT, 16034.",Portofino,IT,"pizza, wine",44.304511,9.2112453,0,0,78,https://maps.google.com/?cid=13587942968994436242,9867742,558,"[{'open': 100, 'close': 400}, {'open': 1200, 'close': 2400}]","[{'open': 100, 'close': 400}, {'open': 1200, 'close': 2400}]","[{'open': 100, 'close': 400}, {'open': 1200, 'close': 2400}]","[{'open': 100, 'close': 400}, {'open': 1200, 'close': 2400}]","[{'open': 100, 'close': 400}, {'open': 930, 'close': 2400}]","[{'open': 100, 'close': 500}, {'open': 930, 'close': 2400}]","[{'open': 1100, 'close': 2400}, {'open': 0, 'close': 200}]",0,0,0,0,0,0,0,0,0,[],[],[],[],[],[],[],[],[]
7854936,M. Hamidi,2025-07-20T06:50:43.623682,Glass Pavilion by Le Corbusier,"North Avenue, 45, San Francisco, US, 94124",San Francisco,US,"museum, gallery",37.7749,-122.4194,0,0,24,https://maps.google.com/?cid=10805590738904542982,28745501,388,"[{'open': 1000, 'close': 1800}]","[{'open': 1000, 'close': 1800}]","[{'open': 1000, 'close': 1800}]","[{'open': 1000, 'close': 1800}]","[{'open': 1000, 'close': 1930}]","[{'open': 1000, 'close': 1930}]","[{'open': 1000, 'close': 1800}]",0,0,0,6,0,2,2,0,14,[],[],[],"[{'uuid': 'a466f6ea-c942-4a7c-9fcb-a10ddc567b2c', 'display_name': 'Koenig', 'type': 'PERSON', 'number_of_recommendations': 1}, {'uuid': 'fd6827c1-aa72-468b-8d2a-5a27628911c3', 'display_name': 'Yassine el Hassouni', 'type': 'PERSON', 'number_of_recommendations': 1}]",[],"[{'uuid': 'f9848213-e263-487b-8645-8f66861641e4', 'display_name': 'Charlotte', 'type': 'PERSON', 'number_of_recommendations': 1}]","[{'uuid': 'd58f11c2-1753-4ba5-8d17-e9fcfb810d92', 'display_name': 'Jason', 'type': 'PERSON', 'number_of_recommendations': 1}]",[],"[{'uuid': '745fe6fc-2235-43bd-a411-2b1fa5b09522', 'display_name': 'Liam', 'type': 'PERSON', 'number_of_recommendations': 3}, {'uuid': 'edf5829f-cd71-429b-a404-1b6d63a3e5b4', 'display_name': 'Lucas', 'type': 'PERSON', 'number_of_recommendations': 1}, {'uuid': 'a8421f89-982f-4185-8c59-bb77f1b898ab', 'display_name': 'Noah', 'type': 'PERSON', 'number_of_recommendations': 1}, {'uuid': '27da8dcc-4b6c-48d7-8e48-dbaf5a6a89f6', 'display_name': 'Ethan', 'type': 'PERSON', 'number_of_recommendations': 1}, {'uuid': '01dd9dbd-2c22-4a83-9ce8-e3c1768551b2', 'display_name': 'James', 'type': 'PERSON', 'number_of_recommendations': 1}, {'uuid': 'b4837efd-398d-43c1-b104-6dcfbe72f6e3', 'display_name': 'Jacob', 'type': 'PERSON', 'number_of_recommendations': 1}]"
3782492,John,2025-05-10T18:15:22.729182,La Piazza,"Market Street, 3, San Francisco, US, 94103.",San Francisco,US,cafe,37.782022,-122.410289,0,0,4,https://maps.google.com/?cid=4728372948579258293,19058934,207,"[{'open': 1600, 'close': 2200}]","[{'open': 1600, 'close': 2200}]","[{'open': 1600, 'close': 2200}]","[{'open': 1600, 'close': 2230}]","[{'open': 1600, 'close': 2230}]","[{'open': 1600, 'close': 2230}]","[{'open': 1600, 'close': 2200}]",0,0,0,0,0,0,0,0,0,[],[],[],[],[],[],[],[],[]
2094812,Sophia,2024-04-16T20:12:48.189213,Schmidt's Pastry Cottage,"Main Street, 566, Salt Lake City, US, 84101.",Salt Lake City,US,"bakery, dessert, cafe, shop",40.7695087,-111.8957168,0,0,9,https://maps.google.com/?cid=1652731892051942096,28910132,771,"[{'open': 700, 'close': 1900}]","[{'open': 700, 'close': 1900}]","[{'open': 700, 'close': 1900}]","[{'open': 700, 'close': 1900}]","[{'open': 700, 'close': 1900}]","[{'open': 700, 'close': 1900}]","[{'open': 800, 'close': 1600}]",0,0,0,0,0,0,0,0,0,[],[],[],[],[],[],[],[],[]
6801377,David,2022-07-15T00:18:20.384676,Ivy Terrace,"E 58th St, 230, San Francisco, US, 94107.",San Francisco,US,"cafe, diner",37.7749295,-122.4194155,0,0,5,https://maps.google.com/?cid=92684054920516794870,23507029,336,"[{'open': 1100, 'close': 2300}]","[{'open': 1100, 'close': 2300}]","[{'open': 1100, 'close': 2300}]","[{'open': 1100, 'close': 2300}]","[{'open': 1100, 'close': 2400}]","[{'open': 0, 'close': 200}, {'open': 800, 'close': 2400}]","[{'open': 800, 'close': 2400}, {'open': 0, 'close': 200}]",0,0,0,0,1,1,1,1,1,[],[],[],[],[],[],[],[],[]
4827906,B. Kemble,2024-01-12T05:03:27.134069,Tavern La Storia,"Michigan Avenue East, 92, Chicago, US, 60501.",Chicago,US,"tavern, restaurant",41.8781136,-87.6297982,0,0,2,https://maps.google.com/?cid=13255402323802879314,19738590,207,"[{'open': 700, 'close': 2200}]","[{'open': 700, 'close': 2200}]","[{'open': 700, 'close': 2200}]","[{'open': 700, 'close': 2200}]","[{'open': 700, 'close': 2200}]","[{'open': 700, 'close': 2200}]","[{'open': 700, 'close': 2200}]",0,0,0,0,0,2,0,0,0,[],[],[],[],[],"[{'uuid': '610bda76-9427-4643-8ef7-6e3c605f0e4a', 'display_name': 'Ben', 'type': 'PERSON', 'number_of_recommendations': 2}]",[],[],[]
3563921,Oliver,2023-09-30T12:15:07.563725,Café Nova,"Elm Street, 167, Boston, US, 02115.",Boston,US,cafe,42.347753,-71.094571,0,0,23,https://maps.google.com/?cid=351369482938176978,15789937,334,"[{'open': 700, 'close': 1800}]","[{'open': 700, 'close': 1800}]","[{'open': 700, 'close': 1800}]","[{'open': 700, 'close': 1800}]","[{'open': 700, 'close': 1800}]","[{'open': 800, 'close': 1500}]","[{'open': 0, 'close': 0}]",0,0,0,0,0,0,0,0,0,[],[],[],[],[],[],[],[],[]
875231,B. Sorenson,2024-05-03T08:15:41.341982,Luminaire Coffeehouse and Lounge,"Lincoln Blvd, 16, San Francisco, US, 90125 SV.",San Francisco,US,cafe,37.7145453,-122.6017574,0,0,25,https://maps.google.com/?cid=3825987983701111889,17682921,336,"[{'open': 800, 'close': 1600}]",[],"[{'open': 1100, 'close': 2300}]","[{'open': 1100, 'close': 2300}]","[{'open': 1000, 'close': 2300}]","[{'open': 900, 'close': 2300}]","[{'open': 1000, 'close': 1700}]",0,0,0,17,0,0,4,0,2,[],[],[],"[{'uuid': 'f9249371-b668-4b69-a776-a236c87607ee', 'display_name': 'Christopher', 'type': 'PERSON', 'number_of_recommendations': 1}, {'uuid': '9b087215-567d-487a-979d-f76cb5f32197', 'display_name': 'Morgan', 'type': 'PERSON', 'number_of_recommendations': 1}, {'uuid': 'c47a171e-30e5-45d8-a773-5aa8e4cf4c8f', 'display_name': 'Wouter', 'type': 'PERSON', 'number_of_recommendations': 1}]",[],[],"[{'uuid': '396ce3cf-8559-4037-9eda-5d3b90af0d20', 'display_name': 'Sophia', 'type': 'PERSON', 'number_of_recommendations': 2}]",[],"[{'uuid': '7a777e5c-1d07-4da1-b019-21e8c8c32857', 'display_name': 'Benjamin', 'type': 'PERSON', 'number_of_recommendations': 1}]"
5798432,B. Morrison,2024-03-08T11:52:14.924395,Harman's Eat & Drink,"2900 E 2nd Ave, Denver, CO 80206, USA",Denver,USA,cafe,39.7192,-104.9564,0,0,12,https://maps.google.com/?cid=17884321345623911827,92505682,771,"[{'open': 600, 'close': 1000}, {'open': 1400, 'close': 2100}]","[{'open': 600, 'close': 1000}, {'open': 1400, 'close': 2100}]","[{'open': 600, 'close': 1000}, {'open': 1400, 'close': 2100}]","[{'open': 600, 'close': 1000}, {'open': 1400, 'close': 2100}]","[{'open': 600, 'close': 1000}, {'open': 1400, 'close': 2400}]","[{'open': 600, 'close': 1000}, {'open': 1400, 'close': 2400}]","[{'open': 700, 'close': 1200}, {'open': 1400, 'close': 2100}]",0,0,0,0,0,5,3,0,4,[],[],[],[],[],"[{'uuid': '354af3af-9718-4425-9eda-731b23bf0521', 'display_name': 'Jack', 'type': 'PERSON', 'number_of_recommendations': 2}]",[],[],"[{'uuid': '354af3af-9718-4425-9eda-731b23bf0521', 'display_name': 'Jack', 'type': 'PERSON', 'number_of_recommendations': 2}]"
4562874,John,2024-07-15T12:15:30.154382,El Patio,"23rd Street, 789, New York, US, 10011.",New York,US,bar,40.7418907,-73.9921811,0,0,54,https://maps.google.com/?cid=11245422298654763547,16383620,771,"[{'open': 1800, 'close': 2500}]","[{'open': 0, 'close': 150}, {'open': 1800, 'close': 2500}]","[{'open': 0, 'close': 150}, {'open': 1800, 'close': 2500}]","[{'open': 0, 'close': 150}, {'open': 1800, 'close': 2500}]","[{'open': 0, 'close': 150}, {'open': 1700, 'close': 2500}]","[{'open': 0, 'close': 150}, {'open': 1300, 'close': 2500}]","[{'open': 0, 'close': 150}]",0,0,0,0,0,0,0,0,0,[],[],[],[],[],[],[],[],[]
6732490,John,2022-05-05T11:33:55.328912,Green Tulip,"Oxford Street, 47, London, UK, W1D.",London,UK,pub,51.5144418,-0.1387879,0,0,2,https://maps.google.com/?cid=12894984490204756901,874529320,102,"[{'open': 1800, 'close': 2300}]","[{'open': 1300, 'close': 2300}]","[{'open': 1300, 'close': 2300}]","[{'open': 1300, 'close': 2300}]","[{'open': 1300, 'close': 2300}]","[{'open': 1200, 'close': 1700}, {'open': 1800, 'close': 2300}]","[{'open': 1200, 'close': 1700}, {'open': 1800, 'close': 2300}]",0,0,0,0,0,0,1,0,1,[],[],[],[],[],[],"[{'user_name': 'Sarah', 'timestamp': '2022-05-05T11:10:00.000000'}]",[],"[{'user_name': 'Emily', 'timestamp': '2022-05-05T11:20:00.000000'}]"
7463921,John,2022-10-20T18:34:45.502167,Ristorante Italiano La Piazza,"San Marco, 15, Venice, IT, 30124",Venice,IT,"restaurant, Italian",45.4371908,12.3345898,10,150,62,https://maps.google.com/?cid=20229109348619666513,741925683,137,"[{'open': 1100, 'close': 2400}]","[{'open': 1100, 'close': 2400}]","[{'open': 1100, 'close': 2400}]","[{'open': 1100, 'close': 2400}]","[{'open': 1100, 'close': 2400}]","[{'open': 1100, 'close': 2400}]","[{'open': 1100, 'close': 2400}]",0,0,0,0,0,0,0,0,0,[],[],[],[],[],[],[],[],[]
6582093,B. Jenson,2024-04-22T14:21:37.756829,Seafood Palace,"Rue du Faubourg, 111K, Paris, FR, 75009.",Paris,FR,seafood,48.8566,2.3522,0,0,32,https://maps.google.com/?cid=6434202481115915693,738162549,771,"[{'open': 900, 'close': 2200}]","[{'open': 900, 'close': 2200}]","[{'open': 900, 'close': 2200}]","[{'open': 900, 'close': 2200}]","[{'open': 900, 'close': 2200}]","[{'open': 900, 'close': 2200}]","[{'open': 900, 'close': 2200}]",0,0,0,0,0,0,12,0,7,[],[],[],[],[],[],"[{'uuid': '318db2cf-5032-4137-8cda-2b4b20af1d30', 'display_name': 'Bret', 'type': 'PERSON', 'number_of_recommendations': 1}]",[],"[{'uuid': '318db2cf-5032-4137-8cda-2b4b20af1d30', 'display_name': 'Bret', 'type': 'PERSON', 'number_of_recommendations': 1}]"
5491387,B. Kimball,2025-12-25T15:35:20.925760,Yo 47 Sushi Bistro,"Calle Real, 87, Madrid, ES, 28010",Madrid,ES,sushi,40.4352714,-3.695463,0,0,20,https://maps.google.com/?cid=35473261437422908756,471287945,558,"[{'open': 1330, 'close': 1900}, {'open': 2000, 'close': 2400}]","[{'open': 1330, 'close': 1900}, {'open': 2000, 'close': 2400}]","[{'open': 1330, 'close': 1900}, {'open': 2000, 'close': 2400}]","[{'open': 1330, 'close': 1900}, {'open': 2000, 'close': 2400}]","[{'open': 1330, 'close': 1900}, {'open': 2000, 'close': 2400}]","[{'open': 1330, 'close': 1900}, {'open': 2000, 'close': 2400}]","[{'open': 1330, 'close': 1900}, {'open': 2000, 'close': 2400}]",0,0,1,9,2,2,3,1,3,[],[],[],"[{'uuid': '825cg4er-7323-4521-7ged-5r3b30hq0q30', 'display_name': 'Brian', 'type': 'PERSON', 'number_of_recommendations': 2}]",[],[],[],[],"[{'uuid': '825cg4er-7323-4521-7ged-5r3b30hq0q30', 'display_name': 'Brian', 'type': 'PERSON', 'number_of_recommendations': 3}]"
989898,B. D'Souza,2024-01-20T18:20:40.719340,Bu 34 Organic Cafe Studio,"Avenue Oqba Ben Nafaa, 7, Casablanca, MA, 2000-213.",Casablanca,MA,cafe,33.5983943,-7.612372,0,0,12,https://maps.google.com/?cid=69943961238912358919,962362029,207,"[{'open': 1015, 'close': 2200}]","[{'open': 1015, 'close': 2200}]","[{'open': 1015, 'close': 2200}]","[{'open': 1015, 'close': 2200}]","[{'open': 1015, 'close': 2200}]","[{'open': 1015, 'close': 2200}]","[{'open': 1015, 'close': 2200}]",0,0,0,8,0,0,0,0,2,[],[],[],"[{'uuid': '098ac0fd-aeb9-303c-b8dc-7b4b60cf0db1', 'display_name': 'Bruno', 'type': 'PERSON', 'number_of_recommendations': 1}]",[],[],[],[],"[{'uuid': '198bc1ed-fdb9-403c-b7da-8a4b70af0c31', 'display_name': 'Bruno', 'type': 'PERSON', 'number_of_recommendations': 2}]"
2794653,Jason,2024-06-21T08:42:37.862750,Bakery House Corner,"Smith St, 110, Sydney, AU, 2010.",Sydney,AU,"bakery, coffee",-33.882244,151.211933,0,0,25,https://maps.google.com/?cid=10897865093594629875,794324861,282,"[{'open': 800, 'close': 1800}]","[{'open': 800, 'close': 1800}]","[{'open': 800, 'close': 1800}]","[{'open': 800, 'close': 2100}]","[{'open': 800, 'close': 2100}]","[{'open': 900, 'close': 2100}]","[{'open': 900, 'close': 1800}]",0,0,0,0,0,0,0,0,0,[],[],[],[],[],[],[],[],[]
4793126,B. Azizam,2024-04-20T02:15:48.248154,Le Cellier des Gourmets,"Rue du Midi, 137, Brussels, BE, 1000",Brussels,BE,restaurant,50.8466797,4.3524317,0,0,10,https://maps.google.com/?cid=11222403683947575287,948720962,102,"[{'open': 1200, 'close': 2200}]","[{'open': 1200, 'close': 2200}]","[{'open': 1200, 'close': 2200}]","[{'open': 1200, 'close': 2200}]","[{'open': 1200, 'close': 2300}]","[{'open': 1200, 'close': 2300}]","[{'open': 1200, 'close': 2200}]",0,0,0,4,2,2,1,0,1,[],[],[],"[{'uuid': '239cf6gh-8996-3647-4gh8-4i2n10pg1p25', 'display_name': 'Nina', 'type': 'PERSON', 'number_of_recommendations': 2}]",[],[],"[{'uuid': '239cf6gh-8996-3647-4gh8-4i2n10pg1p25', 'display_name': 'Nina', 'type': 'PERSON', 'number_of_recommendations': 1}]",[],"[{'uuid': '239cf6gh-8996-3647-4gh8-4i2n10pg1p25', 'display_name': 'Nina', 'type': 'PERSON', 'number_of_recommendations': 1}]"
3304876,Samantha,2025-10-20T10:34:20.558619,Margareta's,"Pearson Avenue, 120, Boston, US, 12201",Boston,US,"cafe, pizzeria",42.3600794,-71.063819,0,0,6,https://maps.google.com/?cid=5325998526192031512,720194056,558,"[{'open': 800, 'close': 2300}]","[{'open': 800, 'close': 2300}]","[{'open': 800, 'close': 2300}]","[{'open': 800, 'close': 2300}]","[{'open': 800, 'close': 2300}]","[{'open': 800, 'close': 2300}]","[{'open': 800, 'close': 2300}]",0,0,0,0,0,0,0,0,0,[],[],[],[],[],[],[],[],[]
5348452,Sophia,2024-04-26T08:12:49.342788,Pescatore,"Beach Drive, 55, San Francisco, US, 94208.",San Francisco,US,seafood,37.774929,-122.419416,0,0,3,https://maps.google.com/?cid=5188142568397305046,895315524,334,"[{'open': 1300, 'close': 1600}, {'open': 1800, 'close': 2300}]","[{'open': 1300, 'close': 1600}, {'open': 1800, 'close': 2300}]","[{'open': 1300, 'close': 1600}, {'open': 1800, 'close': 2300}]","[{'open': 1300, 'close': 1600}, {'open': 1800, 'close': 2300}]","[{'open': 1300, 'close': 1600}, {'open': 1800, 'close': 2400}]","[{'open': 1200, 'close': 1600}, {'open': 1800, 'close': 2400}]","[{'open': 1200, 'close': 1600}, {'open': 1800, 'close': 2300}]",0,0,0,0,0,0,1,1,1,[],[],[],[],[],[],['John'],['Sophia'],['Emily']
3992635,B. Johnston,2025-07-12T13:45:36.326452,Eight Riverside,"Riverside Drive, 8, Los Angeles, US, 90012.",Los Angeles,US,restaurant,34.0522342,-118.2436849,0,0,5,https://maps.google.com/?cid=15023059321024681029,839456182,558,[],[],[],[],[],[],[],0,0,0,0,5,0,0,0,0,[],[],[],[],"[{'uuid': '623efa08-efbe-4f52-8224-5235f6f1f3e2', 'display_name': 'Lee', 'type': 'PERSON', 'number_of_recommendations': 1}, {'uuid': '62565f84-5792-4ad0-b3f9-8ca1e5f5f09e', 'display_name': 'Alex', 'type': 'PERSON', 'number_of_recommendations': 1}, {'uuid': '34830dac-9b20-4271-a43a-3a18fc3a64d58', 'display_name': 'Brian', 'type': 'PERSON', 'number_of_recommendations': 1}, {'uuid': '7e3471a-c752-4fed-bb31-97201b59d0e7', 'display_name': 'Mark', 'type': 'PERSON', 'number_of_recommendations': 1}, {'uuid': '9256987a-c67c-477f-bb54-97302b28e0f7', 'display_name': 'Gary', 'type': 'PERSON', 'number_of_recommendations': 1}]",[],[],[],[]
6972845,John,2027-05-12T21:47:45.794982,Seven Maple,"Maple Street, 7, Boston, US, 02130.",Boston,US,restaurant,42.3600825,-71.0588801,0,0,5,https://maps.google.com/?cid=18823578293416972017,890565171,137,[],[],[],[],[],[],[],0,0,0,0,0,0,0,0,0,[],[],[],[],[],[],[],[],[]
2845721,B. Jonson,2024-11-05T11:45:22.867523,Sky,"Westerstraat, 154, Rotterdam, NL, 3016 DL.",Rotterdam,NL,"restaurant, shop, museum",51.9225,4.47917,0,0,15,https://maps.google.com/?cid=832637554098723459,342618625,102,"[{'open': 800, 'close': 1800}]","[{'open': 800, 'close': 1800}]","[{'open': 800, 'close': 1800}]","[{'open': 800, 'close': 1800}]","[{'open': 800, 'close': 1800}]","[{'open': 900, 'close': 1800}]","[{'open': 900, 'close': 1800}]",0,0,0,0,1,0,0,0,0,[],[],[],[],"[{'uuid': '63bcee59-9431-4874-aa91-7acbd6182c24', 'display_name': 'Bob', 'type': 'PERSON', 'number_of_recommendations': 1}]",[],[],[],[]
437569,Rizwan,2024-01-15T15:20:30.814921,Hidden Treasures,"Zoutsteeg, 22, The Hague, NL, 2511 XN.",The Hague,NL,cafe,52.0745037,4.3155929,0,0,46,https://maps.google.com/?cid=8168831594215762952,806054295,334,"[{'open': 200, 'close': 1200}, {'open': 1400, 'close': 2300}]","[{'open': 200, 'close': 1200}, {'open': 1400, 'close': 2300}]","[{'open': 200, 'close': 1200}, {'open': 1400, 'close': 2300}]","[{'open': 200, 'close': 1200}, {'open': 1400, 'close': 2300}]","[{'open': 200, 'close': 1200}, {'open': 1400, 'close': 2300}]","[{'open': 200, 'close': 1300}, {'open': 1800, 'close': 2400}]","[{'open': 1400, 'close': 2300}, {'open': 100, 'close': 400}]",0,0,0,0,0,0,0,0,0,[],[],[],[],[],[],[],[],[]
913472,Sofia,2024-01-15T14:55:30.845739,La Rosaleda,"Calle de la Rosa, 20b, Madrid, ES, 28012.",Madrid,ES,bistro,40.4167754,-3.7037902,0,0,90,https://maps.google.com/?cid=2965427922256459247,941393071,771,"[{'open': 100, 'close': 200}, {'open': 1600, 'close': 2500}]","[{'open': 100, 'close': 200}, {'open': 1600, 'close': 2500}]","[{'open': 100, 'close': 200}, {'open': 1600, 'close': 2500}]","[{'open': 100, 'close': 200}, {'open': 1600, 'close': 2500}]","[{'open': 100, 'close': 200}, {'open': 1600, 'close': 2500}]","[{'open': 100, 'close': 200}, {'open': 1600, 'close': 2500}]","[{'open': 1600, 'close': 2500}, {'open': 100, 'close': 200}]",0,0,0,0,0,0,0,0,0,[],[],[],[],[],[],[],[],[]
3212857,John,2024-01-15T09:32:20.817095,The Laughing Fish,"Main St, 225, San Francisco, US, 94103.",San Francisco,US,pub,37.7749295,-122.4194155,0,0,104,https://maps.google.com/?cid=2457894478405421265,625027926,282,"[{'open': 1, 'close': 200}, {'open': 800, 'close': 2300}]","[{'open': 2, 'close': 200}, {'open': 830, 'close': 2300}]","[{'open': 3, 'close': 200}, {'open': 830, 'close': 2300}]","[{'open': 4, 'close': 200}, {'open': 830, 'close': 2300}]","[{'open': 5, 'close': 200}, {'open': 830, 'close': 2300}]","[{'open': 6, 'close': 400}, {'open': 800, 'close': 2300}]","[{'open': 900, 'close': 2300}, {'open': 1, 'close': 400}]",0,0,0,0,0,0,0,0,0,[],[],[],[],[],[],[],[],[]
3976754,Nina,2024-01-22T15:33:40.457956,Dolce Vita,"Kaiserstraße, 42, Frankfurt, DE, 60329.",Frankfurt,DE,"cafe, pastry shop",50.1125448,8.6750934,0,0,35,https://maps.google.com/?cid=8736529273466892615,754392740,207,"[{'open': 900, 'close': 2100}]","[{'open': 900, 'close': 2100}]","[{'open': 900, 'close': 2100}]","[{'open': 900, 'close': 2230}]","[{'open': 900, 'close': 2230}]","[{'open': 930, 'close': 2200}]","[{'open': 900, 'close': 2100}, {'open': 0, 'close': 50}]",0,0,0,0,0,0,0,0,0,[],[],[],[],[],[],[],[],[]
9768512,John,2023-12-15T20:23:10.450868,À La Carte,"Bellamystraat, 20, Rotterdam, NL, 3014 JR.",Rotterdam,NL,"restaurant, diner",51.9139224,4.4735185,0,0,45,https://maps.google.com/?cid=10157895098495962132,245627934,207,"[{'open': 1100, 'close': 2200}]","[{'open': 1100, 'close': 2200}]","[{'open': 1100, 'close': 2200}]","[{'open': 1100, 'close': 2300}]","[{'open': 1100, 'close': 2300}]","[{'open': 1100, 'close': 2300}]","[{'open': 1100, 'close': 2200}]",0,0,0,0,0,0,0,0,0,[],[],[],[],[],[],[],[],[]
4758392,Sam,2024-08-17T19:10:33.945095,Starbucks Waffles,"Hyacinthweg, 27, Rotterdam, NL, 3051 BE.",Rotterdam,NL,coffee shop,51.942597,4.4749652,0,0,110,https://maps.google.com/?cid=3233114916166505309,13090590,336,"[{'open': 50, 'close': 200}, {'open': 1100, 'close': 2230}]","[{'open': 50, 'close': 200}, {'open': 1100, 'close': 2230}]","[{'open': 50, 'close': 200}, {'open': 1100, 'close': 2230}]","[{'open': 50, 'close': 200}, {'open': 1100, 'close': 2230}]","[{'open': 50, 'close': 200}, {'open': 1100, 'close': 2230}]","[{'open': 50, 'close': 400}, {'open': 1100, 'close': 2230}]","[{'open': 1200, 'close': 2230}, {'open': 50, 'close': 100}]",0,0,0,0,0,0,0,10,0,[],[],[],[],[],[],[],[],[]
789123,John,2024-08-20T21:37:45.678543,Bistro Belle Vue,"Chapel Street, 321, London, UK, SW1A 1AA.",London,UK,restaurant,51.509865,-0.118092,0,0,345,https://maps.google.com/?cid=234567891234567890,98756123,334,"[{'open': 900, 'close': 2300}]","[{'open': 900, 'close': 2300}]","[{'open': 900, 'close': 2300}]","[{'open': 900, 'close': 2300}]","[{'open': 900, 'close': 2300}]","[{'open': 900, 'close': 2300}]","[{'open': 900, 'close': 2300}]",0,0,0,0,0,0,0,0,0,[],[],[],[],[],[],[],[],[]
4567821,B. Smithson,2021-09-14T20:45:49.322471,La Cucina - Piccadilly Circus,"Regent Street, Soho, GB, W1D 7AB.",London,GB,"Italian restaurant, meal_takeaway",51.510251,-0.134838,12,0,2,https://maps.google.com/?cid=4223212643986745714,65987412,336,"[{'open': 1200, 'close': 2300}]","[{'open': 1200, 'close': 2300}]","[{'open': 1200, 'close': 2300}]","[{'open': 1200, 'close': 2300}]","[{'open': 1200, 'close': 2330}]","[{'open': 1200, 'close': 2330}]","[{'open': 1200, 'close': 2200}]",0,0,0,1,0,1,0,0,0,[],[],[],"[{'uuid': 'a13ce4bc-9759-423a-befa-06890a6bdd97', 'display_name': 'John', 'type': 'PERSON', 'number_of_recommendations': 1}]",[],"[{'uuid': 'b75cd4ac-8742-493b-9507-3a89c08abb73', 'display_name': 'Emily', 'type': 'PERSON', 'number_of_recommendations': 1}]",[],[],[]
4582209,B. Johnson,2024-08-28T13:45:10.827156,Indian Spice Bistro,"Green Park, Bellevue, US, K8L 2J6.",Bellevue,US,bistro,47.6129432,-122.4821463,0,0,5,https://maps.google.com/?cid=12345678901234456789,54110709,334,"[{'open': 1800, 'close': 2300}]","[{'open': 1800, 'close': 2300}]","[{'open': 1800, 'close': 2300}]","[{'open': 1800, 'close': 2300}]","[{'open': 1800, 'close': 2330}]","[{'open': 1700, 'close': 2430}]","[{'open': 1700, 'close': 2230}]",0,0,1,0,0,2,0,1,1,[],[],[],[],[],[],[],"[{'uuid': '873ae2ff-2345-4322-a4cb-5f7b79ef4d58', 'display_name': 'Bob', 'type': 'PERSON', 'number_of_recommendations': 1}]",[]
783269,B. Tofighi,2024-01-09T22:10:15.993582,Le Chat Noir,"Rue Jean Bologne, 22, Brussels, BE, 1000.",Brussels,BE,bar,50.8396771,4.349072,0,0,98,https://maps.google.com/?cid=4896204812876826836,27358453,569,"[{'open': 600, 'close': 1400}, {'open': 1730, 'close': 2345}]","[{'open': 600, 'close': 1400}, {'open': 1730, 'close': 2345}]","[{'open': 600, 'close': 1400}, {'open': 1730, 'close': 2345}]","[{'open': 600, 'close': 1400}, {'open': 1730, 'close': 2345}]","[{'open': 600, 'close': 1400}, {'open': 1730, 'close': 2359}]","[{'open': 600, 'close': 1400}, {'open': 1730, 'close': 2359}]","[{'open': 1130, 'close': 2200}, {'open': 0, 'close': 100}]",0,0,0,65,0,0,10,0,23,[],[],[],"[{'uuid': '689ef4cd-9403-4a96-bc73-5deab9a7fb30', 'display_name': 'Ben', 'type': 'PERSON', 'number_of_recommendations': 8}]",[],[],"[{'uuid': '689ef4cd-9403-4a96-bc73-5deab9a7fb30', 'display_name': 'Ben', 'type': 'PERSON', 'number_of_recommendations': 5}]",[],"[{'uuid': '689ef4cd-9403-4a96-bc73-5deab9a7fb30', 'display_name': 'Ben', 'type': 'PERSON', 'number_of_recommendations': 10}]"
246945,Max,2022-07-15T08:45:22.891473,ROME Pizzeria,"Gallastraat, 47, Arnhem, NL, 6813 DH.",Arnhem,NL,pizzeria,51.9864923,5.9007269,0,0,18,https://maps.google.com/?cid=11686981095143830980,23958604,336,"[{'open': 1500, 'close': 2330}]","[{'open': 1500, 'close': 2330}]","[{'open': 1500, 'close': 2330}]","[{'open': 1500, 'close': 2330}]","[{'open': 1500, 'close': 2400}]","[{'open': 1500, 'close': 2400}]","[{'open': 1600, 'close': 2300}]",0,0,0,0,0,0,0,0,0,[],[],[],[],[],[],[],[],[]
3649823,B. Richardson,2024-05-12T06:23:13.351994,Hideaway,"Vine Street, 789, Birmingham, UK, B2 4MN.",Birmingham,UK,cafe,52.486242,-1.890401,0,0,25,https://maps.google.com/?cid=284269673891213647,17588282,771,"[{'open': 0, 'close': 130}, {'open': 800, 'close': 2200}]","[{'open': 900, 'close': 2300}]","[{'open': 900, 'close': 2300}]","[{'open': 900, 'close': 2300}]","[{'open': 900, 'close': 2300}]","[{'open': 0, 'close': 130}, {'open': 700, 'close': 2400}]","[{'open': 700, 'close': 2400}, {'open': 0, 'close': 130}]",0,0,0,10,0,0,5,0,10,[],[],[],"[{'uuid': '756ce31c-9475-4027-a698-3a1b9330c736', 'display_name': 'Mark', 'type': 'PERSON', 'number_of_recommendations': 3}, {'uuid': 'e82d5163-9455-4850-a240-3a1f6944c213', 'display_name': 'John', 'type': 'PERSON', 'number_of_recommendations': 2}, {'uuid': 'a53c316d-446c-4e83-a764-6c31f68d9352', 'display_name': 'Sally', 'type': 'PERSON', 'number_of_recommendations': 2}, {'uuid': '648563db-891b-4b5d-a654-2c23fba1c736', 'display_name': 'Sarah', 'type': 'PERSON', 'number_of_recommendations': 3}]",[],[],"[{'uuid': '756ce31c-9475-4027-a698-3a1b9330c736', 'display_name': 'Mark', 'type': 'PERSON', 'number_of_recommendations': 2}]",[],"[{'uuid': '756ce31c-9475-4027-a698-3a1b9330c736', 'display_name': 'Mark', 'type': 'PERSON', 'number_of_recommendations': 5}, {'uuid': 'e82d5163-9455-4850-a240-3a1f6944c213', 'display_name': 'John', 'type': 'PERSON', 'number_of_recommendations': 3}, {'uuid': 'a53c316d-446c-4e83-a764-6c31f68d9352', 'display_name': 'Sally', 'type': 'PERSON', 'number_of_recommendations': 2}]"
3678893,B. Joffrey,2022-07-10T10:15:30.258763,Monday to Monday,"Blossom Avenue, 77, Los Angeles, US, 90001.",Los Angeles,US,"bar, grill",34.052235,-118.243683,0,0,7,https://maps.google.com/?cid=1589073087673887463,23326799,388,"[{'open': 900, 'close': 2100}]","[{'open': 900, 'close': 2100}]","[{'open': 900, 'close': 2100}]","[{'open': 900, 'close': 2100}]","[{'open': 900, 'close': 2300}]","[{'open': 900, 'close': 2300}]","[{'open': 900, 'close': 2100}]",0,0,0,3,1,1,1,0,1,[],[],[],"[{'uuid': '786be3ce-4559-2037-8eda-3d4b20af0a15', 'display_name': 'Sam', 'type': 'PERSON', 'number_of_recommendations': 2}, {'uuid': 'c18a4376-7950-4488-b6a3-94bde223cb1f', 'display_name': 'Leo', 'type': 'PERSON', 'number_of_recommendations': 1}]",[],[],[],[],"[{'uuid': '786be3ce-4559-2037-9eda-3d4b20af0a15', 'display_name': 'Sam', 'type': 'PERSON', 'number_of_recommendations': 1}]"
3928843,Lucy,2024-12-19T22:14:45.718968,Taco Temple,"Long Street, 245, San Francisco, US, 94104.",San Francisco,US,tex-mex restaurant,37.77493,-122.419416,0,0,25,https://maps.google.com/?cid=38572367fh548971086,24436281,771,"[{'open': 1100, 'close': 2300}]","[{'open': 1100, 'close': 2300}]","[{'open': 1100, 'close': 2300}]","[{'open': 1100, 'close': 2300}]","[{'open': 1100, 'close': 2400}]","[{'open': 1100, 'close': 2400}]","[{'open': 1100, 'close': 2200}]",0,0,0,0,0,2,0,1,4,[],[],[],[],[],[],[],[],[]
4796248,B. Johansson,2024-01-10T18:10:30.983752,El Gusto,"Drottninggatan, 2, Stockholm, SE, 11122",Stockholm,SE,"cafe, bistro",59.3358703,18.0614228,0,0,32,https://maps.google.com/?cid=11274974576354661163,24930586,771,"[{'open': 800, 'close': 2100}]","[{'open': 800, 'close': 2100}]","[{'open': 800, 'close': 2100}]","[{'open': 800, 'close': 2230}]","[{'open': 800, 'close': 2230}]","[{'open': 0, 'close': 300}, {'open': 800, 'close': 2230}]","[{'open': 800, 'close': 2100}, {'open': 0, 'close': 300}]",0,0,0,19,2,0,3,0,8,[],[],[],"[{'uuid': '856dd392-74a1-4842-b367-126de8c98054', 'display_name': 'Lena', 'type': 'PERSON', 'number_of_recommendations': 3}, {'uuid': 'f92d22a0-5a93-484f-ac61-6430cc9824ca', 'display_name': 'Karl', 'type': 'PERSON', 'number_of_recommendations': 1}]","[{'uuid': '856dd392-74a1-4842-b367-126de8c98054', 'display_name': 'Lena', 'type': 'PERSON', 'number_of_recommendations': 2}]",[],"[{'uuid': '856dd392-74a1-4842-b367-126de8c98054', 'display_name': 'Lena', 'type': 'PERSON', 'number_of_recommendations': 1}]",[],"[{'uuid': '856dd392-74a1-4842-b367-126de8c98054', 'display_name': 'Lena', 'type': 'PERSON', 'number_of_recommendations': 7}]"
4673985,B. Jankins,2024-01-05T21:22:58.760437,Het Zilveren Spiegel (by Doron),"Kattengat 4-6, Amsterdam, NL, 1012 SZ.",Amsterdam,NL,"cafe, diner",52.372501,4.8946998,0,0,8,https://maps.google.com/?cid=18937294558678166391,24689578,558,"[{'open': 1300, 'close': 2200}]","[{'open': 1300, 'close': 2200}]","[{'open': 1300, 'close': 2200}]","[{'open': 1300, 'close': 2200}]","[{'open': 1300, 'close': 2300}]","[{'open': 0, 'close': 100}, {'open': 1300, 'close': 2300}]","[{'open': 1300, 'close': 2200}, {'open': 0, 'close': 100}]",0,0,0,6,0,1,0,0,1,[],[],[],"[{'uuid': '878de74a-2443-4b73-aadf-6d3d982a3312', 'display_name': 'Sophie', 'type': 'PERSON', 'number_of_recommendations': 2}]",[],"[{'uuid': '87ad9363-72a7-4c2e-9923-6acfd9ee2bfb', 'display_name': 'Matt', 'type': 'PERSON', 'number_of_recommendations': 1}]",[],[],"[{'uuid': 'ffb3278f-7cb6-4d57-9071-dd6803889af0', 'display_name': 'Jessica', 'type': 'PERSON', 'number_of_recommendations': 1}]"
5478239,John,2024-01-20T23:17:35.765083,Il Giardino Segreto,"Via Matera, 156, Rome, IT, 00159.",Rome,IT,"pizzeria, cafe",41.8954441,12.50378,0,0,15,https://maps.google.com/?cid=24479529328376117670,23974485,137,"[{'open': 1200, 'close': 2300}]","[{'open': 1200, 'close': 2300}]","[{'open': 1200, 'close': 2300}]","[{'open': 1200, 'close': 2300}]","[{'open': 1200, 'close': 2300}]","[{'open': 0, 'close': 100}, {'open': 1200, 'close': 2300}]","[{'open': 1200, 'close': 2300}, {'open': 0, 'close': 100}]",0,0,0,0,0,0,0,0,0,[],[],[],[],[],[],[],[],[]
2073657,B. Rossman,2024-04-20T19:15:54.284179,Rosie's Pastries & Pies,"Sunset Boulevard, 245, Los Angeles, US, 90046.",Los Angeles,US,"pastry, deli, bistro, mart",34.0922385,-118.3263941,0,0,4,https://maps.google.com/?cid=8845698202941198567,24129378,336,"[{'open': 700, 'close': 2000}]","[{'open': 700, 'close': 2000}]","[{'open': 700, 'close': 2000}]","[{'open': 700, 'close': 2000}]","[{'open': 700, 'close': 2000}]","[{'open': 700, 'close': 2000}]","[{'open': 800, 'close': 2100}]",0,0,0,3,0,1,0,0,0,[],[],[],"[{'uuid': '79ec83af-3711-44e2-aac4-8f5b98f203f7', 'display_name': 'Mila', 'type': 'PERSON', 'number_of_recommendations': 2}, {'uuid': 'ff493802-6639-4e5a-98f1-b6cec87c22ed', 'display_name': 'Steven', 'type': 'PERSON', 'number_of_recommendations': 1}]",[],"[{'uuid': '79ec83af-3711-44e2-aac4-8f5b98f203f7', 'display_name': 'Mila', 'type': 'PERSON', 'number_of_recommendations': 1}]",[],[],[]
395690,Eva,2023-10-15T19:45:03.123456,Élma,"Laugavegur, 75, Reykjavik, IS, 101",Reykjavik,IS,"bar, lounge",64.1431,-21.9224,0,0,35,https://maps.google.com/?cid=3985745257456391647,25689475,207,[],[],[],[],[],[],[],0,0,0,0,0,0,0,0,0,[],[],[],[],[],[],[],[],[]
2973419,Liam,2024-12-20T12:15:35.326519,Brickhouse Center Sports Grill,"Bridge Street, 482, Miami, US, 33135.",Miami,US,"bar, grill",25.7752,-80.1945,0,0,17,https://maps.google.com/?cid=14956149278096877546,26299456,336,"[{'open': 1100, 'close': 2300}]","[{'open': 1100, 'close': 2300}]","[{'open': 1100, 'close': 2300}]","[{'open': 1100, 'close': 2300}]","[{'open': 1100, 'close': 2400}]","[{'open': 1100, 'close': 2400}]","[{'open': 1100, 'close': 2300}]",0,0,0,0,0,0,0,0,0,[],[],[],[],[],[],[],[],[]
5987432,B. Kassam,2023-12-28T15:29:08.991067,Flora Goddess,"South 37th Street, 26, Seattle, US, 98101.",Seattle,US,cafe,47.6017183,-122.3294441,0,0,5,https://maps.google.com/?cid=9938392199585378096,25792846,558,"[{'open': 1230, 'close': 2300}]","[{'open': 1230, 'close': 2300}]","[{'open': 1230, 'close': 2300}]","[{'open': 1230, 'close': 2300}]","[{'open': 1230, 'close': 2400}]","[{'open': 1200, 'close': 2400}]","[{'open': 1200, 'close': 2300}]",0,0,1,0,0,0,0,1,3,[],[],[],"[{'uuid': '666df1cf-8576-5077-9eca-5e3c912a3f09', 'display_name': 'Sara', 'type': 'PERSON', 'number_of_recommendations': 1}]",[],[],[],[],"[{'uuid': '666df-6cf-5077-9eca-5e3c912a3f09', 'display_name': 'Sara', 'type': 'PERSON', 'number_of_recommendations': 3}]"
675482,B. Stanwick,2024-02-01T12:30:15.982719,Cafe Du Paris London,"Baker Street, 57, London, UK, W1U 8EE.",London,UK,cafe,51.5225534,-0.1565569,0,0,7,https://maps.google.com/?cid=12419619889133377865,28765028,282,"[{'open': 1200, 'close': 2000}]","[{'open': 1200, 'close': 2000}]","[{'open': 1200, 'close': 2000}]","[{'open': 1200, 'close': 2000}]","[{'open': 1200, 'close': 2100}]","[{'open': 1200, 'close': 2100}]","[{'open': 1300, 'close': 2000}]",0,0,0,0,0,0,0,0,0,[],[],[],[],[],[],[],[],[]
4572218,B. Johnson,2024-01-13T18:32:44.935158,Delmonico's,"56 Beaver St, New York, US, 10004.",New York,US,"steakhouse, wine bar",40.705056,-74.0119786,0,0,34,https://maps.google.com/?cid=12575926483853789336,25914876,102,"[{'open': 1200, 'close': 2300}]","[{'open': 1200, 'close': 2300}]","[{'open': 1200, 'close': 2300}]","[{'open': 1200, 'close': 2400}]","[{'open': 1200, 'close': 2400}]","[{'open': 0, 'close': 100}, {'open': 1200, 'close': 2400}]","[{'open': 1200, 'close': 2300}, {'open': 0, 'close': 100}]",0,0,0,18,3,1,3,2,7,[],[],[],"[{'uuid': '895df3ce-8927-4788-9fdd-5d2a90bf1d28', 'display_name': 'Lucy', 'type': 'PERSON', 'number_of_recommendations': 5}, {'uuid': '168c9682-987e-450f-ba66-60fdcda4538f', 'display_name': 'John', 'type': 'PERSON', 'number_of_recommendations': 3}]","[{'uuid': '895df3ce-8927-4788-9fdd-5d2a90bf1d28', 'display_name': 'Lucy', 'type': 'PERSON', 'number_of_recommendations': 1}]",[],"[{'uuid': '895df3ce-8927-4788-9fdd-5d2a90bf1d28', 'display_name': 'Lucy', 'type': 'PERSON', 'number_of_recommendations': 2}]",[],"[{'uuid': '895df3ce-8927-4788-9fdd-5d2a90bf1d28', 'display_name': 'Lucy', 'type': 'PERSON', 'number_of_recommendations': 4}]"
4903726,B. Johnson,2024-11-15T12:07:15.253760,Padre,"Elm Street, 296, Boston, US, 02134",Boston,US,cafe,42.3602534,-71.0582912,0,0,45,https://maps.google.com/?cid=13268367923508728564,16383645,388,[],"[{'open': 1800, 'close': 2500}]","[{'open': 50, 'close': 150}, {'open': 1800, 'close': 2500}]","[{'open': 50, 'close': 150}, {'open': 1800, 'close': 2500}]","[{'open': 50, 'close': 150}, {'open': 1800, 'close': 2500}]","[{'open': 50, 'close': 150}, {'open': 1500, 'close': 2500}]","[{'open': 50, 'close': 150}]",0,0,0,28,0,0,10,0,5,[],[],[],"[{'uuid': '596sg3lh-8739-5037-9efa-5e3m91xf1q32', 'display_name': 'Sam', 'type': 'PERSON', 'number_of_recommendations': 1}, {'uuid': '1r512a63-ba65-582d-9e6f-2367f1b87423', 'display_name': 'Kate', 'type': 'PERSON', 'number_of_recommendations': 1}]",[],[],"[{'uuid': 'cfd8er30-dfeb-4982-92c6-3a961m5fd5c0', 'display_name': 'John Doe', 'type': 'PERSON', 'number_of_recommendations': 1}]",[],"[{'uuid': '596sg3lh-8739-5037-9efa-5e3m91xf1q32', 'display_name': 'Sam', 'type': 'PERSON', 'number_of_recommendations': 1}]"
3874635,Sam,2024-06-25T19:43:30.029561,Le Comptoir Gourmand,"8 Rue Portefoin, Paris, FR, 75003",Paris,FR,cafe,48.8625,2.2875,0,0,20,https://maps.google.com/?cid=8764853490246586621,5684730,771,[],"[{'open': 900, 'close': 2000}]","[{'open': 900, 'close': 2000}]","[{'open': 900, 'close': 2000}]","[{'open': 900, 'close': 2000}]","[{'open': 900, 'close': 2000}]",[],0,0,0,0,0,0,0,0,0,[],[],[],[],[],[],[],[],[]
5786551,B. Janssen,2024-11-24T18:17:32.928395,Rustica Bistro & Lounge,"Maple Avenue, 175, Los Angeles, US, 90189.",Los Angeles,US,bar,34.052235,-118.243683,0,0,1,https://maps.google.com/?cid=6753129693832246806,391720846,334,"[{'open': 1600, 'close': 2130}]","[{'open': 1600, 'close': 2130}]","[{'open': 1600, 'close': 2130}]","[{'open': 1600, 'close': 2130}]","[{'open': 1600, 'close': 2130}]","[{'open': 1200, 'close': 2400}]","[{'open': 1200, 'close': 2400}]",0,0,0,0,0,0,0,0,1,[],[],[],[],[],[],[],[],"[{'uuid': '775de0cf-8567-4047-9eda-4b3a78af0r23', 'display_name': 'Brad', 'type': 'PERSON', 'number_of_recommendations': 1}]"
4928853,John,2024-06-30T18:15:33.128077,La Petite Auberge de Provence,"Rue de la Fontaine, 50, Paris, FR, 75003.",Paris,FR,cafe,48.8566,2.3522,0,0,2,https://maps.google.com/?cid=8522589621230067106,799603851,282,"[{'open': 1400, 'close': 2100}]","[{'open': 1400, 'close': 2100}]","[{'open': 1400, 'close': 2100}]","[{'open': 1400, 'close': 2100}]","[{'open': 1400, 'close': 2200}]","[{'open': 1000, 'close': 2200}]","[{'open': 1000, 'close': 2200}]",0,0,0,0,0,0,0,0,0,[],[],[],[],[],[],[],[],[]
9856347,John,2023-05-17T18:35:26.736221,Greenland's Eatery,"Oakway Drive, 780, Seattle, US, 98176.",Seattle,US,cafe,47.7163811,-122.3404556,0,0,2,https://maps.google.com/?cid=12345678901234567890,696584321,207,[],"[{'open': 1700, 'close': 2300}]","[{'open': 1700, 'close': 2300}]","[{'open': 1700, 'close': 2300}]","[{'open': 1700, 'close': 2300}]","[{'open': 1200, 'close': 2300}]","[{'open': 1200, 'close': 2200}]",0,0,0,0,0,1,0,1,0,[],[],[],[],[],['John'],[],['John'],[]
2896523,T. Pelt,2024-04-12T13:40:23.654782,Crispees,"Third Avenue, 56, Portland, US, 97205.",Portland,US,"bakery, patisserie",45.512794,-122.6802121,0,0,5,https://maps.google.com/?cid=4522879182565927655,567788984,137,"[{'open': 800, 'close': 2000}]","[{'open': 800, 'close': 2000}]","[{'open': 800, 'close': 2000}]","[{'open': 800, 'close': 2100}]","[{'open': 800, 'close': 2100}]","[{'open': 800, 'close': 2100}]","[{'open': 900, 'close': 2000}]",0,0,0,2,0,0,0,0,3,[],[],[],"[{'uuid': '8c727f8a-5d6f-4d31-a8b6-c4929e9a8b7e', 'display_name': 'Jake', 'type': 'PERSON', 'number_of_recommendations': 2}]",[],[],[],[],"[{'uuid': '45fcef3d-9550-4a77-b2ea-0d4b02afb0b5', 'display_name': 'Kai', 'type': 'PERSON', 'number_of_recommendations': 2}, {'uuid': '11db6ddd-8b25-4a44-b48a-2d9dc6b72d5b', 'display_name': 'Myla', 'type': 'PERSON', 'number_of_recommendations': 1}]"
3849276,John,2024-12-20T02:33:50.459893,Bistro Delight,"Park Street, 25, Lake County, US, 78893.",Lake County,US,"cafe, diner",42.3500263,-72.6336894,0,0,3,https://maps.google.com/?cid=1772456522897151443,785389824,336,"[{'open': 900, 'close': 2200}]","[{'open': 900, 'close': 2200}]","[{'open': 900, 'close': 2200}]","[{'open': 900, 'close': 2200}]","[{'open': 900, 'close': 2200}]","[{'open': 900, 'close': 2200}]","[{'open': 1000, 'close': 2100}]",0,0,0,1,0,0,1,0,1,[],[],[],[],[],[],[],[],[]
3856422,B. Jansen,2024-05-08T15:02:49.420042,Bistro Le Blanc,"Keizersgracht, 3 B, Rotterdam, NL, 3011 VA.",Rotterdam,NL,bistro,51.9228971,4.4837801,0,0,108,https://maps.google.com/?cid=15887904035996520408,682372014,334,"[{'open': 0, 'close': 120}, {'open': 900, 'close': 2350}]","[{'open': 0, 'close': 120}, {'open': 900, 'close': 2350}]","[{'open': 0, 'close': 120}, {'open': 900, 'close': 2350}]","[{'open': 0, 'close': 120}, {'open': 900, 'close': 2350}]","[{'open': 0, 'close': 120}, {'open': 900, 'close': 2350}]","[{'open': 0, 'close': 300}, {'open': 900, 'close': 2350}]","[{'open': 1100, 'close': 2350}, {'open': 0, 'close': 300}]",0,0,0,70,0,0,10,0,0,[],[],[],"[{'uuid': '7b8c2d4f-3c16-4d13-84a6-360b541c9b89', 'display_name': 'Maarten', 'type': 'PERSON', 'number_of_recommendations': 1}]",[],[],"[{'uuid': '5d9fe4cf-9122-4037-9eda-5d2b91af0a30', 'display_name': 'Emma', 'type': 'PERSON', 'number_of_recommendations': 6}]",[],[]
2986473,B. Mehran,2024-06-22T14:25:13.456790,Pizzeria Ristorante Vivace,"Schweizer Strasse, 23, Frankfurt, DE, 60594.",Frankfurt,DE,"pizzeria, ristorante",50.1056421,8.6626434,0,0,48,https://maps.google.com/?cid=11608984098486972140,679251890,207,"[{'open': 1100, 'close': 2200}]","[{'open': 1100, 'close': 2200}]","[{'open': 1100, 'close': 2200}]","[{'open': 1100, 'close': 2300}]","[{'open': 1100, 'close': 2300}]","[{'open': 1100, 'close': 2300}]","[{'open': 1100, 'close': 2200}]",0,0,0,20,0,0,12,0,8,[],[],[],"[{'uuid': '603fd9df-9778-4f7c-9c32-6d346927a19d', 'display_name': 'Sam', 'type': 'PERSON', 'number_of_recommendations': 4}, {'uuid': 'b0129e88-6fb3-4c82-8fa2-1f0be927a2b2', 'display_name': 'Mike', 'type': 'PERSON', 'number_of_recommendations': 2}]",[],[],"[{'uuid': '603fd9df-9778-4f7c-9c32-6d346927a19d', 'display_name': 'Sam', 'type': 'PERSON', 'number_of_recommendations': 10}, {'uuid': 'e36c5177-4b11-444e-b641-d3d927a2c119', 'display_name': 'Leo', 'type': 'PERSON', 'number_of_recommendations': 1}]",[],"[{'uuid': '603fd9df-9778-4f7c-9c32-6d346927a19d', 'display_name': 'Sam', 'type': 'PERSON', 'number_of_recommendations': 2}]"
739528,Bella,2025-08-15T18:28:23.786529,La Boulangerie,"Rue de la Paix, 32, Paris, FR, 75002",Paris,FR,bakery,48.868924,2.331047,0,0,125,https://maps.google.com/?cid=2812021927541964428,839211458,569,"[{'open': 800, 'close': 2200}]","[{'open': 800, 'close': 2200}]","[{'open': 800, 'close': 2200}]","[{'open': 800, 'close': 2200}]","[{'open': 800, 'close': 2200}]","[{'open': 800, 'close': 2200}]","[{'open': 800, 'close': 1200}]",0,0,0,0,0,0,0,0,0,[],[],[],[],[],[],[],[],[]
4782689,John,2024-02-10T13:30:15.242834,Luna's,"Main Street, 45, London, UK, LN1W 4BU.",London,UK,"cafe, bistro",51.5073509,-0.1277583,0,0,32,https://maps.google.com/?cid=10815926348768327410,913205216,388,"[{'open': 800, 'close': 2200}]","[{'open': 800, 'close': 2200}]","[{'open': 800, 'close': 2200}]","[{'open': 800, 'close': 2300}]","[{'open': 800, 'close': 2300}]","[{'open': 0, 'close': 200}, {'open': 800, 'close': 2300}]","[{'open': 900, 'close': 2100}, {'open': 0, 'close': 200}]",0,0,0,0,0,0,0,0,0,[],[],[],[],[],[],[],[],[]
5913829,Mohamed,2023-12-04T18:37:50.108932,Dolce & Salato Paris 18 Montmartre,"Rue Caulaincourt, 154, Paris, FR, 75018",Paris,FR,"bakery, lunch, cafe, store",48.886324,2.338581,0,0,235,https://maps.google.com/?cid=54646157351200647865,587014521,334,"[{'open': 700, 'close': 1900}]","[{'open': 700, 'close': 1900}]","[{'open': 700, 'close': 1900}]","[{'open': 700, 'close': 1900}]","[{'open': 700, 'close': 1900}]","[{'open': 800, 'close': 1900}]","[{'open': 800, 'close': 1900}]",0,0,0,0,0,0,0,0,0,[],[],[],[],[],[],[],[],[]
8976243,B. Moradi,2024-02-26T22:33:51.695544,Ristorante,"Mercato Centrale, 12, Florence, IT, 50123",Florence,IT,italian-restaurant,43.7759509,11.2460263,0,0,40,https://maps.google.com/?cid=10597531783315176961,973582162,282,"[{'open': 1200, 'close': 2300}]","[{'open': 1200, 'close': 2300}]","[{'open': 1200, 'close': 2300}]","[{'open': 1200, 'close': 2300}]","[{'open': 1200, 'close': 2300}]","[{'open': 1200, 'close': 2300}]","[{'open': 1200, 'close': 2300}]",0,0,0,25,5,5,2,0,3,[],[],[],"[{'uuid': 'f3e36ac8-8004-42c6-adda-fe41b065c2f6', 'display_name': 'Sara', 'type': 'PERSON', 'number_of_recommendations': 7}]",[],[],[],[],"[{'uuid': 'f3e36ac8-8004-42c6-adda-fe41b065c2f6', 'display_name': 'Sara', 'type': 'PERSON', 'number_of_recommendations': 1}]"
3728956,B. Salazar,2024-07-22T18:47:54.920075,Bistro L'Arte,"Rue du Nord, 10 B, Brussels, BE, 1038 PD.",Brussels,BE,cafe,50.8471769,4.3458033,0,0,92,https://maps.google.com/?cid=16957084036986530367,679200437,334,"[{'open': 300, 'close': 400}, {'open': 1000, 'close': 2600}]","[{'open': 300, 'close': 400}, {'open': 1000, 'close': 2600}]","[{'open': 300, 'close': 400}, {'open': 1000, 'close': 2600}]","[{'open': 300, 'close': 400}, {'open': 1000, 'close': 2600}]","[{'open': 300, 'close': 400}, {'open': 1000, 'close': 2600}]","[{'open': 500, 'close': 600}, {'open': 1000, 'close': 2600}]","[{'open': 1200, 'close': 2600}, {'open': 300, 'close': 600}]",0,0,0,62,0,0,10,0,0,[],[],[],"[{'uuid': '770c5e5b-3b8c-4daf-9b86-340b457cb9c9', 'display_name': 'Chris', 'type': 'PERSON', 'number_of_recommendations': 2}]",[],[],"[{'uuid': '605fd2df-956a-45f8-9e6a-5d4b90bf0d40', 'display_name': 'Jill', 'type': 'PERSON', 'number_of_recommendations': 6}]",[],[]
197234,B. Anderson,2021-08-23T11:25:43.718594,Café Temporale,"Mittenwalder Str., 59, Berlin, DE, 10961.",Berlin,DE,cafe,52.4881772,13.3989881,0,0,47,https://maps.google.com/?cid=3965987983701131666,678544021,569,"[{'open': 800, 'close': 1800}]","[{'open': 800, 'close': 1800}]","[{'open': 800, 'close': 1800}]","[{'open': 800, 'close': 2400}]","[{'open': 900, 'close': 2400}]","[{'open': 900, 'close': 2400}]","[{'open': 1000, 'close': 1800}]",0,0,0,30,0,0,7,0,10,[],[],[],"[{'uuid': 'a876243f-9785-4c67-b41b-a067c9d70309', 'display_name': 'Linda', 'type': 'PERSON', 'number_of_recommendations': 2}, {'uuid': '1c012468-693d-447a-8f83-f678cb1f3492', 'display_name': 'Mark', 'type': 'PERSON', 'number_of_recommendations': 2}, {'uuid': 'f07a89de-70e8-45d8-a773-5aa4e7cf4c7c', 'display_name': 'Tom', 'type': 'PERSON', 'number_of_recommendations': 1}]",[],[],"[{'uuid': '593ce2df-f456-4038-9fda-4d3b91cf0120', 'display_name': 'Jake', 'type': 'PERSON', 'number_of_recommendations': 4}]",[],"[{'uuid': '9a677e5b-1d08-4db1-b019-11e8c8c32858', 'display_name': 'Emma', 'type': 'PERSON', 'number_of_recommendations': 4}]"
3647591,B. Goldstein,2022-08-03T18:19:22.764511,Paris Pizza Duomo,"Seine Street, 68, Paris, FR, 75002.",Paris,FR,pizzeria,48.8588443,2.2943506,0,0,32,https://maps.google.com/?cid=5876217896005126341,649305236,137,"[{'open': 1100, 'close': 2300}]","[{'open': 1100, 'close': 2300}]","[{'open': 1100, 'close': 2300}]","[{'open': 1100, 'close': 2300}]","[{'open': 1100, 'close': 2300}]","[{'open': 1100, 'close': 2300}]","[{'open': 1100, 'close': 2300}]",0,0,0,15,0,0,0,0,6,[],[],[],"[{'uuid': 'bdc3950a-3efc-4ec3-8423-835d526d9811', 'display_name': 'John', 'type': 'PERSON', 'number_of_recommendations': 3}]",[],[],[],[],"[{'uuid': '64ace4ae-4a59-4fd9-8b8a-124d09f70b23', 'display_name': 'Emma', 'type': 'PERSON', 'number_of_recommendations': 1}]"
6824092,Sara,2024-08-20T06:22:01.726122,CarniLovers,"Beethovenstraat, 98H, Rotterdam, NL, 1077 JN.",Rotterdam,NL,steakhouse,51.9225,4.47917,0,0,35,https://maps.google.com/?cid=2546325614975628913,923443211,334,"[{'open': 1000, 'close': 2200}]","[{'open': 1000, 'close': 2200}]","[{'open': 1000, 'close': 2200}]","[{'open': 1000, 'close': 2200}]","[{'open': 1000, 'close': 2400}]","[{'open': 1000, 'close': 2400}]","[{'open': 1000, 'close': 2200}]",0,0,0,0,0,0,0,0,0,[],[],[],[],[],[],[],[],[]
3746218,Scott,2025-10-06T09:23:21.543672,Kuala Lumpur Roti Jala,"Buchanan Street, 446, Glasgow, UK, G1 2LW.",Glasgow,UK,diner,55.8592381,-4.2462634,0,0,30,https://maps.google.com/?cid=6593417208329491234,786523087,334,"[{'open': 1300, 'close': 1600}, {'open': 1800, 'close': 2200}]","[{'open': 1300, 'close': 1600}, {'open': 1800, 'close': 2200}]","[{'open': 1300, 'close': 1600}, {'open': 1800, 'close': 2200}]","[{'open': 1300, 'close': 1600}, {'open': 1800, 'close': 2200}]","[{'open': 1300, 'close': 1600}, {'open': 1800, 'close': 2200}]","[{'open': 1300, 'close': 1600}, {'open': 1800, 'close': 2200}]","[{'open': 1300, 'close': 1600}, {'open': 1800, 'close': 2200}]",0,0,0,0,0,0,0,0,0,[],[],[],[],[],[],[],[],[]
6734643,Jason,2023-05-19T06:39:47.785612,Stellar Beans,"Walt Whitman Road, 67, Huntington, US, 11746.",Huntington,US,"coffee shop, brunch",40.8148404,-73.3662668,0,0,5,https://maps.google.com/?cid=387191689865689557,788123890,137,"[{'open': 700, 'close': 1900}]","[{'open': 700, 'close': 1900}]","[{'open': 700, 'close': 1900}]","[{'open': 700, 'close': 1900}]","[{'open': 700, 'close': 1900}]","[{'open': 700, 'close': 1900}]","[{'open': 800, 'close': 1800}]",0,0,0,0,0,0,0,0,0,[],[],[],[],[],[],[],[],[]
4200584,Sam,2024-02-20T20:59:01.802231,Mystique,"South Main Street, 49, Houston, US, 77005.",Houston,US,Restaurant,34.751926,-92.411594,0,0,5,https://maps.google.com/?cid=10360877584093035340,783201752,137,"[{'open': 1200, 'close': 2300}]","[{'open': 1200, 'close': 2300}]","[{'open': 1200, 'close': 2300}]","[{'open': 1200, 'close': 2300}]","[{'open': 1200, 'close': 2400}]","[{'open': 1100, 'close': 2400}]","[{'open': 1100, 'close': 2400}]",0,0,0,0,0,1,2,0,2,[],[],[],[],[],[],[],[],[]
3756284,B. Makarenko,2024-11-03T15:15:30.420451,Lounge Elysium,"Victory Sq, 3 B, Kiev, UA, 1001 AA.",Kiev,UA,bar,50.4501,30.5234,0,0,72,https://maps.google.com/?cid=26875594401448860716,705671327,207,"[{'open': 500, 'close': 200}, {'open': 1000, 'close': 2600}]","[{'open': 500, 'close': 200}, {'open': 1000, 'close': 2600}]","[{'open': 500, 'close': 200}, {'open': 1000, 'close': 2600}]","[{'open': 500, 'close': 200}, {'open': 1000, 'close': 2600}]","[{'open': 500, 'close': 200}, {'open': 1000, 'close': 2600}]","[{'open': 500, 'close': 400}, {'open': 1000, 'close': 2600}]","[{'open': 1200, 'close': 2600}, {'open': 0, 'close': 400}]",0,0,0,50,0,0,8,0,0,[],[],[],"[{'uuid': '768b356e-3cf7-4ifu-8437-961a152fb9c9', 'display_name': 'Sergei', 'type': 'PERSON', 'number_of_recommendations': 2}]",[],[],"[{'uuid': '484fd3cg-7659-4137-3gda-5d7c21af0h20', 'display_name': 'Igor', 'type': 'PERSON', 'number_of_recommendations': 6}]",[],[]
5970215,John,2024-01-23T10:10:49.123456,Café Herzog,"Friedrichstr, 30 B, Berlin, DE, 10960",Berlin,DE,cafe,52.4024522,13.0653454,0,0,88,https://maps.google.com/?cid=25098409504365840928,1200583002,388,"[{'open': 100, 'close': 200}, {'open': 900, 'close': 2200}]","[{'open': 100, 'close': 200}, {'open': 900, 'close': 2200}]","[{'open': 100, 'close': 200}, {'open': 900, 'close': 2200}]","[{'open': 100, 'close': 200}, {'open': 900, 'close': 2200}]","[{'open': 100, 'close': 200}, {'open': 900, 'close': 2300}]","[{'open': 100, 'close': 400}, {'open': 900, 'close': 2300}]","[{'open': 1100, 'close': 2200}, {'open': 0, 'close': 400}]",0,0,0,0,0,0,0,0,0,[],[],[],[],[],[],[],[],[]
5795272,Max,2024-11-03T14:35:37.129300,Rosa's Cantina,"Landstraat, Utrecht, NL, 3512 TW.",Utrecht,NL,cafe,52.0911735,5.1139504,0,0,95,https://maps.google.com/?cid=5191823746108595245,795324070,207,"[{'open': 900, 'close': 2300}]","[{'open': 0, 'close': 200}, {'open': 900, 'close': 2300}]","[{'open': 0, 'close': 200}, {'open': 900, 'close': 2300}]","[{'open': 0, 'close': 200}, {'open': 900, 'close': 2300}]","[{'open': 0, 'close': 200}, {'open': 900, 'close': 2300}]","[{'open': 0, 'close': 200}, {'open': 900, 'close': 2300}]","[{'open': 1000, 'close': 2100}, {'open': 0, 'close': 200}]",0,0,0,0,0,0,0,0,0,[],[],[],[],[],[],[],[],[]
4987230,B. Johnson,2024-08-05T16:22:32.281530,Pizzeria Bianco,"1418 N 7th Ave, Phoenix, AZ, USA, 85007.",Phoenix,US,pizzeria,33.4544,-112.075833,0,0,1,https://maps.google.com/?cid=1133859984989237826,732398492,334,[],"[{'open': 1700, 'close': 2200}]","[{'open': 1700, 'close': 2200}]","[{'open': 1700, 'close': 2200}]","[{'open': 1700, 'close': 2200}]","[{'open': 1700, 'close': 2200}]",[],0,0,0,0,0,0,0,0,1,[],[],[],[],[],[],[],[],"[{'uuid': '756ae5ef-6778-47be-b5a8-510c1a6ea0ff', 'display_name': 'Brian', 'type': 'PERSON', 'number_of_recommendations': 1}]"
3890210,Carlos,2024-03-30T14:45:30.322124,Bistro El Sol,"Calle Mayor, 55, Madrid, ES, 28013.",Madrid,ES,"bistro, wine_bar",40.4167155,-3.7038592,0,0,85,https://maps.google.com/?cid=27468241617385951645,721496842,334,"[{'open': 100, 'close': 1300}, {'open': 1600, 'close': 2300}]","[{'open': 100, 'close': 1300}, {'open': 1600, 'close': 2300}]","[{'open': 100, 'close': 1300}, {'open': 1600, 'close': 2300}]","[{'open': 100, 'close': 1300}, {'open': 1600, 'close': 2300}]","[{'open': 100, 'close': 1500}, {'open': 1600, 'close': 2400}]","[{'open': 0, 'close': 2400}]","[{'open': 1200, 'close': 2400}, {'open': 0, 'close': 800}]",0,0,0,0,0,0,0,0,0,[],[],[],[],[],[],[],[],[]
